lineNo,section,likelyMultiPoint,text
1,security,false,"FINAL RESULT"
2,security,false,"Free में आपको मिलेगा:"
3,security,false,"✔ Password hashing"
4,security,false,"✔ JWT secure login"
5,security,false,"✔ Rate limiting"
6,security,false,"✔ MongoDB injection protection"
7,security,false,"✔ XSS protection"
8,security,false,"✔ Suspicious activity detection"
9,security,false,"✔ Risk scoring"
10,security,false,"✔ Device tracking"
11,security,false,"✔ Cloudflare firewall"
12,security,false,""
13,security,false,"LEVEL 1 — BASIC BACKEND SECURITY (Must Do First)"
14,security,false,"1️⃣ Password Hashing"
15,security,false,"bcrypt use करें"
16,security,false,"Plain password कभी store न करें"
17,security,false,"Salt rounds ≥ 10"
18,security,false,"2️⃣ JWT Authentication"
19,security,false,"Access token (15 min expiry)"
20,security,true,"Role include करें (admin / user)"
21,security,false,"Protected routes पर middleware"
22,security,false,"3️⃣ Role-Based Access Control (RBAC)"
23,security,false,"Admin route → सिर्फ admin"
24,security,false,"User route → authenticated user"
25,security,false,"4️⃣ Helmet (Security Headers)"
26,security,false,"XSS protection headers"
27,security,false,"Hide X-Powered-By"
28,security,false,"Frameguard enable"
29,security,false,"5️⃣ Rate Limiting"
30,security,true,"Login → max 5 attempts / 15 min"
31,security,false,"OTP → max 3 attempts"
32,security,false,"Global API limit"
33,security,false,"6️⃣ MongoDB Injection Protection"
34,security,false,"express-mongo-sanitize"
35,security,false,"7️⃣ XSS Protection"
36,security,false,"xss-clean"
37,security,false,"8️⃣ CORS Strict Configuration"
38,security,false,"सिर्फ goindiaride.in allow करें"
39,security,false,"allow मत करें"
40,security,false,"9️⃣ Environment Variables"
41,security,false,".env file use करें"
42,security,false,"MONGO_URI"
43,security,false,"JWT_SECRET"
44,security,false,"FIREBASE_KEY"
45,security,false,"कभी GitHub पर push न करें"
46,security,false,""
47,security,false,"🔐 LEVEL 2 — ADVANCED SECURITY (FREE)"
48,security,false,"🔟 Refresh Token System"
49,security,false,"Short access token"
50,security,false,"Long refresh token (httpOnly cookie)"
51,security,false,"1️⃣1️⃣ Account Lock System"
52,security,false,"5 failed login → 30 min lock"
53,security,false,"1️⃣2️⃣ Suspicious Login Logging"
54,security,false,"Store:"
55,security,false,"IP"
56,security,false,"device"
57,security,false,"time"
58,security,false,"success/fail"
59,security,false,"1️⃣3️⃣ Device Fingerprinting"
60,security,false,"Store:"
61,security,false,"navigator.userAgent"
62,security,false,"OS"
63,security,false,"Browser"
64,security,false,"New device → extra OTP"
65,security,false,"1️⃣4️⃣ Geo Location Check"
66,security,false,"IP detect करके:"
67,security,false,"Country mismatch → extra verification"
68,security,false,"1️⃣5️⃣ Risk Score System (Free AI Logic)"
69,security,false,"Score calculate:"
70,security,false,"Failed attempts"
71,security,false,"New device"
72,security,false,"New IP"
73,security,false,"Multiple OTP"
74,security,false,"Score > threshold → block"
75,security,false,""
76,security,false,"🤖 LEVEL 3 — AI STYLE PROTECTION (FREE)"
77,security,false,"1️⃣6️⃣ Anomaly Detection Logic"
78,security,false,"If:"
79,security,false,"1 IP → 20 login attempts"
80,security,false,"Different cities → same account"
81,security,false,"Rapid booking creation"
82,security,false,"→ auto block"
83,security,false,"1️⃣7️⃣ Pattern Based Fraud Detection"
84,security,false,"Booking pattern:"
85,security,false,"Same card"
86,security,false,"Same IP"
87,security,false,"Rapid cancel"
88,security,false,"→ flag user"
89,security,false,"1️⃣8️⃣ Automated Temporary Ban System"
90,security,false,"MongoDB field:"
91,security,false,""
92,security,false,""
93,security,false,"🌐 LEVEL 4 — NETWORK SECURITY (FREE)"
94,security,false,"1️⃣9️⃣ Cloudflare (Free Plan)"
95,security,false,"DDoS protection"
96,security,false,"Bot fight mode"
97,security,false,"Rate limiting"
98,security,false,"WAF basic rules"
99,security,false,"2️⃣0️⃣ HTTPS Only Mode"
100,security,false,"Force HTTPS redirect"
101,security,false,"HSTS enable"
102,security,false,"🧠 LEVEL 5 — ADMIN SECURITY"
103,security,false,"2️⃣1️⃣ Admin 2FA"
104,security,false,"Password"
105,security,false,"Email OTP"
106,security,false,"2️⃣2️⃣ Admin IP Restriction"
107,security,false,"Only specific IP allowed"
108,security,false,"2️⃣3️⃣ Admin Login Logs"
109,security,false,"Track every admin action"
110,security,false,""
111,security,false,"📊 LEVEL 6 — DATABASE SECURITY"
112,security,false,"2️⃣4️⃣ MongoDB Indexing"
113,security,false,"phone indexed"
114,security,false,"bookingId indexed"
115,security,false,"2️⃣5️⃣ Backup Enable"
116,security,false,"Atlas backup on"
117,security,false,"2️⃣6️⃣ Field Validation"
118,security,false,"Mongoose schema validation strict mode"
119,security,false,""
120,security,false,"🚀 LEVEL 7 — PRODUCTION HARDENING"
121,security,false,"2️⃣7️⃣ Remove console.log"
122,security,false,"2️⃣8️⃣ Disable detailed error messages"
123,security,false,"2️⃣9️⃣ Use PM2 for auto restart"
124,security,false,"3️⃣0️⃣ Set Proper HTTP Status Codes"
125,security,false,"🔥 TOTAL FREE SECURITY FEATURES"
126,security,false,"✔ Authentication Security"
127,security,false,"✔ API Protection"
128,security,false,"✔ Injection Protection"
129,security,false,"✔ XSS Protection"
130,security,false,"✔ Brute Force Protection"
131,security,false,"✔ AI Risk Scoring"
132,security,false,"✔ Device Tracking"
133,security,false,"✔ Geo Tracking"
134,security,false,"✔ Auto Ban System"
135,security,false,"✔ Admin Security"
136,security,false,"✔ Network Firewall"
137,security,false,"✔ Database Hardening"
138,security,false,""
139,security,false,""
140,security,false,"LEVEL 8 — REAL AI BEHAVIOR ANALYSIS (FREE LOGIC BASED AI)"
141,security,false,"1️⃣ User Behavior Tracking Engine"
142,security,false,"Track:"
143,security,false,"Login time pattern"
144,security,false,"Booking time pattern"
145,security,false,"Average ride distance"
146,security,false,"Booking frequency"
147,security,false,"Cancel ratio"
148,security,false,"👉 अगर अचानक unusual activity:"
149,security,false,"1 दिन में 20 rides"
150,security,false,"Midnight activity suddenly"
151,security,false,"High value ride spike"
152,security,false,"→ Risk score increase"
153,security,false,"2️⃣ Behavioral Fingerprinting"
154,security,false,"Store:"
155,security,false,"Typing speed (login page)"
156,security,false,"Click timing"
157,security,false,"Form fill duration"
158,security,false,"Scroll behavior"
159,security,false,"Bot vs Human detect कर सकते हो"
160,security,false,"3️⃣ Continuous Authentication"
161,security,false,"User login के बाद भी:"
162,security,false,"हर critical action पर background risk check"
163,security,false,"Example:"
164,security,false,"Payment"
165,security,false,"Cancel ride"
166,security,false,"Change phone/email"
167,security,false,"4️⃣ AI Risk Engine (Custom Logic)"
168,security,false,"MongoDB field:"
169,security,false,"Copy code"
170,security,false,""
171,security,false,"riskScore"
172,security,false,"lastRiskUpdate"
173,security,false,"Score calculate from:"
174,security,false,"Failed login"
175,security,false,"New device"
176,security,false,"IP change"
177,security,false,"Location mismatch"
178,security,false,"Fast booking"
179,security,false,"Admin route attempt"
180,security,false,"Score > 70 → auto block"
181,security,false,"Score 40-70 → OTP"
182,security,false,"Score < 40 → normal"
183,security,false,""
184,security,false,""
185,security,false,"🧠 LEVEL 9 — FRAUD DETECTION SYSTEM"
186,security,false,"5️⃣ Fake Ride Detection"
187,security,false,"Detect:"
188,security,false,"Same user → multiple accounts"
189,security,false,"Same device → multiple users"
190,security,false,"Same IP → bulk booking"
191,security,false,"6️⃣ Payment Pattern AI"
192,security,false,"Check:"
193,security,false,"Same card → multiple accounts"
194,security,false,"Fast cancel after booking"
195,security,false,"Repeated refund pattern"
196,security,false,"7️⃣ Promo Abuse Detection"
197,security,false,"Track:"
198,security,false,"Same IP → many new accounts"
199,security,false,"Same referral code repeatedly"
200,security,false,""
201,security,false,""
202,security,false,"🛰 LEVEL 10 — DEVICE & NETWORK INTELLIGENCE"
203,security,false,"8️⃣ Device Trust Score"
204,security,false,"Every device gets trust rating:"
205,security,false,"Known device → low risk"
206,security,false,"New device → high risk"
207,security,false,"Emulator detect → block"
208,security,true,"9️⃣ Proxy / VPN Detection (Basic Free)"
209,security,false,"Use:"
210,security,false,"IP blacklist"
211,security,false,"Detect common VPN ASN"
212,security,false,"Suspicious IP range detection"
213,security,false,"🔟 Bot Detection (FREE VERSION)"
214,security,false,"Implement:"
215,security,false,"reCAPTCHA v2"
216,security,false,"Honeypot hidden input"
217,security,false,"Time-based form submission check"
218,security,false,""
219,security,false,"🛡 LEVEL 11 — ADVANCED ATTACK PREVENTION"
220,security,false,"1️⃣1️⃣ CSRF Protection"
221,security,false,"csurf middleware"
222,security,false,"SameSite cookies"
223,security,false,"1️⃣2️⃣ API Signature Verification"
224,security,false,"Each request:"
225,security,false,"timestamp"
226,security,false,"hashed signature"
227,security,false,"Prevents replay attack"
228,security,false,"1️⃣3️⃣ Replay Attack Protection"
229,security,false,"Store:"
230,security,false,"last request timestamp Reject old duplicate requests"
231,security,false,"1️⃣4️⃣ Data Tampering Detection"
232,security,false,"Hash critical fields:"
233,security,false,"ride price"
234,security,false,"fare calculation"
235,security,false,"Recalculate on backend only"
236,security,false,""
237,security,false,"📡 LEVEL 12 — REAL TIME SECURITY MONITORING"
238,security,false,"1️⃣5️⃣ Security Event Collection"
239,security,false,"Create collection:"
240,security,false,"Copy code"
241,security,false,""
242,security,false,"securityLogs"
243,security,false,"Store:"
244,security,false,"userId"
245,security,false,"action"
246,security,false,"ip"
247,security,false,"riskScore"
248,security,false,"result"
249,security,false,"1️⃣6️⃣ Admin Security Dashboard"
250,security,false,"Show:"
251,security,false,"Blocked users"
252,security,false,"Risk score users"
253,security,false,"Suspicious activity"
254,security,false,"1️⃣7️⃣ Alert System"
255,security,false,"Auto email when:"
256,security,false,"Admin login"
257,security,false,"Risk score > 80"
258,security,false,"Multiple failed login"
259,security,false,""
260,security,false,"🔥 LEVEL 13 — PRODUCTION HARDCORE MODE"
261,security,false,"1️⃣8️⃣ Secure Cookies"
262,security,false,"httpOnly"
263,security,false,"secure"
264,security,false,"sameSite strict"
265,security,false,"1️⃣9️⃣ Database Query Rate Monitor"
266,security,false,"Detect:"
267,security,false,"Bulk scraping"
268,security,false,"Automated data extraction"
269,security,false,"2️⃣0️⃣ Smart Lockdown Mode"
270,security,false,"If:"
271,security,false,"Server attack detected"
272,security,false,"Massive login attempts"
273,security,false,"→ Auto:"
274,security,false,"Increase rate limit"
275,security,false,"Force CAPTCHA"
276,security,false,"Block suspicious IP"
277,security,false,""
278,security,false,"🚀 LEVEL 14 — FUTURE AI EXTENSION (जब ready हो)"
279,security,false,"TensorFlow anomaly detection"
280,security,false,"ML based fraud scoring"
281,security,false,"Real-time ride fraud model"
282,security,false,"Auto learning risk engine"
283,security,false,"🧠 FINAL ARCHITECTURE SUMMARY"
284,security,false,"अब तुम्हारी system में होगा:"
285,security,false,"✔ Authentication security"
286,security,false,"✔ Role control"
287,security,false,"✔ AI risk scoring"
288,security,false,"✔ Device fingerprinting"
289,security,false,"✔ Behavior tracking"
290,security,false,"✔ Fraud detection"
291,security,false,"✔ Continuous authentication"
292,security,false,"✔ Auto blocking"
293,security,false,"✔ Admin monitoring"
294,security,false,"✔ Smart lockdown mode"
295,security,false,""
296,security,false,""
297,security,false,"1️⃣ AI Risk Engine implement करें"
298,security,false,"2️⃣ Device fingerprinting system बनाएं"
299,security,false,"3️⃣ Complete security architecture diagram दूँ"
300,security,false,"4️⃣ Fraud detection system code शुरू करें"
301,security,false,""
302,security,false,""
303,security,false,"🌍 LEVEL 15 — GLOBAL SECURITY FOUNDATION"
304,security,false,"1️⃣ HTTPS Everywhere"
305,security,false,"Force HTTPS"
306,security,false,"HSTS enable"
307,security,true,"TLS 1.2 / 1.3 only"
308,security,false,"Strong cipher suite"
309,security,false,"2️⃣ Global CDN + DDoS Protection"
310,security,false,"Use:"
311,security,false,"Cloudflare (Free plan available)"
312,security,false,"Benefits:"
313,security,false,"DDoS protection"
314,security,false,"WAF (Web Application Firewall)"
315,security,false,"Bot protection"
316,security,false,"Rate limiting"
317,security,false,"Geo blocking"
318,security,false,"3️⃣ WAF Rules"
319,security,false,"Block:"
320,security,false,"SQL injection"
321,security,false,"XSS"
322,security,false,"Path traversal"
323,security,false,"Bad bots"
324,security,false,""
325,security,false,""
326,security,false,"🔐 LEVEL 16 — INTERNATIONAL COMPLIANCE SECURITY"
327,security,false,"अगर international जाना है तो ये जरूरी है:"
328,security,false,"4️⃣ GDPR Ready (Europe)"
329,security,false,"Data deletion request"
330,security,false,"User data export"
331,security,false,"Cookie consent system"
332,security,false,"5️⃣ Data Encryption Strategy"
333,security,false,"Password → bcrypt"
334,security,false,"Sensitive fields → AES encryption"
335,security,false,"Environment variables → secure vault"
336,security,false,"6️⃣ Data Localization Planning"
337,security,false,"Region wise DB:"
338,security,false,"India"
339,security,false,"Europe"
340,security,false,"Middle East (Cloud future scaling)"
341,security,false,""
342,security,false,""
343,security,false,"🤖 LEVEL 17 — ADVANCED AI FRAUD DEFENSE"
344,security,false,"7️⃣ Global Risk Score Engine"
345,security,false,"Risk factors:"
346,security,false,"Country mismatch"
347,security,false,"IP vs SIM country mismatch"
348,security,false,"Timezone mismatch"
349,security,false,"Currency anomaly"
350,security,false,"Device change"
351,security,false,"8️⃣ Impossible Travel Detection"
352,security,false,"Example:"
353,security,false,"5 min ago India"
354,security,false,"Now login from UK"
355,security,false,"→ auto block"
356,security,false,"9️⃣ Behavioral Biometrics"
357,security,false,"Mouse movement pattern"
358,security,false,"Touch speed (mobile)"
359,security,false,"Gesture pattern"
360,security,false,""
361,security,false,""
362,security,false,"🏦 LEVEL 18 — PAYMENT SECURITY (CRITICAL)"
363,security,false,"🔟 PCI-DSS Awareness"
364,security,false,"Never store:"
365,security,false,"Card number"
366,security,false,"CVV"
367,security,false,"Use payment gateway tokenization only."
368,security,false,"1️⃣1️⃣ Secure Payment Gateway"
369,security,false,"Example:"
370,security,false,"Stripe"
371,security,false,"Razorpay"
372,security,false,""
373,security,false,""
374,security,false,"🌎 LEVEL 19 — GLOBAL INFRASTRUCTURE HARDENING"
375,security,false,"1️⃣2️⃣ Multi-Region Hosting"
376,security,true,"AWS / DigitalOcean"
377,security,false,"Load balancer"
378,security,false,"Auto scaling"
379,security,false,"1️⃣3️⃣ Zero Trust Architecture"
380,security,false,"Every request verified:"
381,security,false,"Token"
382,security,false,"Device"
383,security,false,"Risk score"
384,security,false,"1️⃣4️⃣ API Security Shield"
385,security,false,"Rate limit per country"
386,security,false,"Per device limit"
387,security,false,"Per account limit"
388,security,false,""
389,security,false,""
390,security,false,"🛡 LEVEL 20 — ENTERPRISE MONITORING"
391,security,false,"1️⃣5️⃣ Centralized Logging"
392,security,false,"Log:"
393,security,false,"Auth attempts"
394,security,false,"Admin activity"
395,security,false,"Payment triggers"
396,security,false,"Suspicious behavior"
397,security,false,"1️⃣6️⃣ SIEM-style Monitoring (Basic Free Version)"
398,security,false,"Real-time alert:"
399,security,false,"High risk user"
400,security,false,"Multiple failures"
401,security,false,"API abuse"
402,security,false,""
403,security,false,""
404,security,false,"🧠 LEVEL 21 — AI AUTONOMOUS DEFENSE"
405,security,false,"1️⃣7️⃣ Self-Learning Risk Engine"
406,security,false,"Increase risk weight automatically"
407,security,false,"Learn fraud patterns"
408,security,false,"1️⃣8️⃣ Auto Ban Engine"
409,security,false,"If:"
410,security,false,"Risk score > 85"
411,security,false,"Bot detected"
412,security,false,"Fraud pattern match"
413,security,false,"→ Permanent ban"
414,security,false,""
415,security,false,""
416,security,false,"🔒 LEVEL 22 — DATA PROTECTION + LEGAL SAFETY"
417,security,false,"1️⃣9️⃣ Data Retention Policy"
418,security,false,"Auto delete inactive data"
419,security,false,"Log retention 90 days"
420,security,false,"2️⃣0️⃣ Admin Audit Trail"
421,security,false,"Track:"
422,security,false,"Who changed what"
423,security,false,"When"
424,security,false,"From which IP"
425,security,false,""
426,security,false,"🚀 FINAL INTERNATIONAL SECURITY STACK"
427,security,false,"✔ CDN + WAF"
428,security,false,"✔ DDoS shield"
429,security,false,"✔ GDPR ready system"
430,security,false,"✔ Encrypted sensitive data"
431,security,false,"✔ AI risk engine"
432,security,false,"✔ Device fingerprinting"
433,security,false,"✔ Fraud detection"
434,security,false,"✔ Payment tokenization"
435,security,false,"✔ Multi region infra"
436,security,false,"✔ Zero trust backend"
437,security,false,"✔ Admin audit log"
438,security,false,"✔ Self learning AI"
439,security,false,""
440,security,false,""
441,security,false,"1️⃣ International Security Architecture diagram"
442,security,false,"2️⃣ GDPR implementation guide"
443,security,false,"3️⃣ AI Global Risk Engine coding"
444,security,false,"4️⃣ Enterprise level backend structure"
445,security,false,"5️⃣ Complete production deployment plan"
446,security,false,""
447,security,false,""
448,security,false,"✅ EXISTING 22 LEVEL REVIEW (Short Audit)"
449,security,false,"Covered well:"
450,security,false,"CDN + WAF"
451,security,false,"DDoS"
452,security,false,"AI Risk engine"
453,security,false,"Fraud detection"
454,security,false,"Encryption"
455,security,false,"Payment tokenization"
456,security,false,"GDPR basic"
457,security,false,"Audit logs"
458,security,false,"Zero trust idea"
459,security,false,""
460,security,false,""
461,security,false,"🚨 LEVEL 23 — SUPPLY CHAIN SECURITY (CRITICAL)"
462,security,false,"1️⃣ Dependency Vulnerability Scanning"
463,security,false,"Node.js project में:"
464,security,false,"npm audit"
465,security,false,"Snyk (free tier)"
466,security,false,"Automatically block:"
467,security,false,"Vulnerable packages"
468,security,false,"Outdated libraries"
469,security,false,"2️⃣ Lock File Integrity"
470,security,false,"package-lock.json commit"
471,security,false,"Hash verification"
472,security,false,"3️⃣ CI/CD Security"
473,security,false,"Secret scanning"
474,security,false,"Auto test before deploy"
475,security,false,"Production deploy approval gate"
476,security,false,""
477,security,false,""
478,security,false,"🛡 LEVEL 24 — SECRET MANAGEMENT HARDENING"
479,security,false,"4️⃣ .env Protection"
480,security,false,"Never:"
481,security,false,"Commit .env to GitHub"
482,security,false,"Use:"
483,security,false,"Environment variables on server"
484,security,false,"Secret rotation policy"
485,security,false,"5️⃣ Key Rotation System"
486,security,false,"Rotate:"
487,security,false,"JWT secret"
488,security,false,"API keys"
489,security,false,"DB password"
490,security,false,"Every 60–90 days."
491,security,false,""
492,security,false,""
493,security,false,"🌍 LEVEL 25 — ADVANCED NETWORK DEFENSE"
494,security,false,"6️⃣ IP Reputation Filtering"
495,security,false,"Use:"
496,security,false,"Cloudflare bot score"
497,security,false,"Tor block"
498,security,false,"Known proxy block"
499,security,false,"7️⃣ Geo-Risk Engine"
500,security,false,"High fraud countries →"
501,security,false,"Extra verification step"
502,security,false,""
503,security,false,""
504,security,false,"🤖 LEVEL 26 — AI SECURITY EXPANSION"
505,security,false,"8️⃣ Fake Account Detection AI"
506,security,false,"Detect:"
507,security,false,"Random name patterns"
508,security,false,"Disposable email"
509,security,false,"Rapid signup burst"
510,security,false,"9️⃣ Driver Fraud Detection"
511,security,false,"Detect:"
512,security,false,"Fake GPS"
513,security,false,"Speed anomaly"
514,security,false,"Unrealistic route"
515,security,false,""
516,security,false,""
517,security,false,"🏢 LEVEL 27 — ADMIN SECURITY HARDENING"
518,security,false,"🔟 Role Based Access Control (RBAC)"
519,security,false,"Roles:"
520,security,false,"Super Admin"
521,security,false,"Finance"
522,security,false,"Support"
523,security,false,"Operations"
524,security,false,"Least privilege model."
525,security,false,"1️⃣1️⃣ Admin Device Whitelisting"
526,security,false,"Only approved devices access admin panel."
527,security,false,""
528,security,false,""
529,security,false,"💳 LEVEL 28 — FINANCIAL FRAUD LAYER"
530,security,false,"1️⃣2️⃣ Refund Abuse Detection"
531,security,false,"Repeated refund pattern"
532,security,false,"Same device multi-account refund"
533,security,false,"1️⃣3️⃣ Velocity Checks"
534,security,false,"5 bookings in 2 minutes? → suspicious"
535,security,false,""
536,security,false,""
537,security,false,"🔍 LEVEL 29 — INCIDENT RESPONSE PLAN"
538,security,false,"1️⃣4️⃣ Breach Protocol"
539,security,false,"Pre-written:"
540,security,false,"Customer notification template"
541,security,false,"Internal escalation steps"
542,security,false,"Server isolation plan"
543,security,false,"1️⃣5️⃣ Backup Strategy"
544,security,false,"Daily DB backup"
545,security,false,"Encrypted backup"
546,security,false,"Off-site storage"
547,security,false,"Test restore monthly."
548,security,false,""
549,security,false,""
550,security,false,"🧠 LEVEL 30 — PRODUCTION HARDENING"
551,security,false,"1️⃣6️⃣ Rate Limit at API + Reverse Proxy"
552,security,false,"Double layer protection."
553,security,false,"1️⃣7️⃣ Security Headers"
554,security,false,"Helmet.js:"
555,security,false,"CSP"
556,security,false,"X-Frame-Options"
557,security,false,"X-Content-Type-Options"
558,security,false,"1️⃣8️⃣ Content Security Policy (CSP strict mode)"
559,security,false,"1️⃣9️⃣ CORS strict policy"
560,security,false,"Only allowed domains."
561,security,false,"2️⃣0️⃣ Health Monitoring + Alerting"
562,security,false,"Server crash → instant alert."
563,security,false,""
564,security,false,""
565,security,false,"✔ Enterprise Ready"
566,security,false,"✔ International Grade"
567,security,false,"✔ Fraud Resistant"
568,security,false,"✔ Compliance Friendly"
569,security,false,"✔ Investor Ready"
570,security,false,""
571,security,false,""
572,security,false,"🔐 ISO 27001 readiness checklist bana sakta hoon"
573,security,false,"🌍 International compliance (GDPR + SOC2 basic roadmap) add kar sakta hoon"
574,security,false,"🏗 Production architecture diagram bana sakta hoon"
575,security,false,""
576,security,false,""
577,security,false,"📄 Privacy Policy draft (GDPR ready)"
578,security,false,"🛡 Incident Response SOP document"
579,security,false,"🏢 Investor Security Presentation (funding purpose)"
580,security,false,""
581,security,false,""
582,security,false,"1. Executive Security Overview"
583,security,false,"GoIndiaRide follows a security-first architecture aligned with international standards."
584,security,true,"This document outlines ISO 27001 readiness, GDPR compliance, SOC2 roadmap, AI-driven"
585,security,true,"security controls, and investor-grade governance framework."
586,security,false,"• Cloud-native secure infrastructure"
587,security,false,"• End-to-end encryption"
588,security,false,"• AI fraud detection readiness"
589,security,false,"• Regulatory-aligned compliance roadmap"
590,security,false,""
591,security,false,""
592,security,false,"2. ISO 27001 Detailed Readiness Plan"
593,security,true,"The Information Security Management System (ISMS) is structured across governance, risk, and"
594,security,false,"technical controls."
595,security,false,"• Defined ISMS scope"
596,security,false,"• Security policy framework"
597,security,false,"• Asset inventory & classification"
598,security,false,"• Risk register & treatment plan"
599,security,false,"• Access control & MFA"
600,security,false,"• Encryption standards"
601,security,false,"• Logging & SIEM readiness"
602,security,false,"• Internal audit cycle"
603,security,false,"• Management review process"
604,security,false,""
605,security,false,""
606,security,false,"3. GDPR Compliance Framework"
607,security,true,"GoIndiaRide aligns with EU GDPR principles including lawfulness, fairness, transparency, data"
608,security,false,"minimization and accountability."
609,security,false,"• Consent management system"
610,security,false,"• Data Subject Access Request workflow"
611,security,false,"• Right to erasure process"
612,security,false,"• Data portability readiness"
613,security,false,"• 72-hour breach notification SOP"
614,security,false,"• Vendor DPA management"
615,security,false,""
616,security,false,""
617,security,false,"4. SOC2 Trust Criteria Roadmap"
618,security,true,"Security, Availability, Confidentiality, Processing Integrity and Privacy controls are mapped."
619,security,false,"• Role-Based Access Control (RBAC)"
620,security,false,"• Production monitoring"
621,security,false,"• Change management logging"
622,security,false,"• Backup & disaster recovery testing"
623,security,false,"• Quarterly compliance reviews"
624,security,false,""
625,security,false,""
626,security,false,"5. AI-Driven Security Enhancements"
627,security,false,"AI security enhancements are planned to strengthen fraud prevention and anomaly detection."
628,security,false,"• Behavioral anomaly detection"
629,security,false,"• Ride booking fraud pattern analysis"
630,security,false,"• Automated suspicious login detection"
631,security,false,"• Bot detection system"
632,security,false,"• Adaptive risk scoring engine"
633,security,false,""
634,security,false,""
635,security,false,"6. Incident Response & Disaster Recovery"
636,security,false,"A structured Incident Response Plan ensures rapid containment and recovery."
637,security,false,"• Incident classification matrix"
638,security,false,"• Forensic investigation procedure"
639,security,false,"• Regulatory communication plan"
640,security,false,"• Disaster Recovery RTO/RPO targets"
641,security,false,"• Post-incident improvement loop"
642,security,false,""
643,security,false,""
644,security,false,"7. Risk Assessment Template (Operational Use)"
645,security,false,"Risk assessments are conducted quarterly and upon major system changes."
646,security,false,"• Risk ID"
647,security,false,"• Asset"
648,security,false,"• Threat"
649,security,false,"• Vulnerability"
650,security,false,"• Likelihood"
651,security,false,"• Impact"
652,security,false,"• Risk Score"
653,security,false,"• Mitigation"
654,security,false,"• Owner"
655,security,false,"• Residual Risk"
656,security,false,""
657,security,false,""
658,security,false,"8. Investor Security Assurance Summary"
659,security,false,"Security maturity directly supports global expansion and enterprise partnerships."
660,security,false,"• ISO 27001 readiness roadmap"
661,security,false,"• GDPR-aligned privacy framework"
662,security,false,"• SOC2 compliance preparation"
663,security,false,"• Scalable cloud security"
664,security,false,"• Security governance for international operations"
665,security,false,""
666,security,false,""
667,security,false,""
668,customer,false,"■■■ ■: CUSTOMER PORTAL"
669,customer,false,"(■■■■■■ ■■■■■■ - ■■■■■■■■■ ■■ ■■■)"
670,customer,false,"■.■ ■■■■ ■■■■■■■■■■■ ■■ ■■■■■■■■ ■■■■■■"
671,customer,false,"• ■■■■ ■■■■■■■■■■■ ■■■■ ■■■■■ - Complete signup system"
672,customer,false,"• Email ■■ password ■■ registration"
673,customer,false,"• Mobile number verification (OTP system)"
674,customer,false,"• OTP ■■ ■■■■■■ ■■■■ ■■ ■■■■■ - OTP-based booking"
675,customer,false,"• Google account ■■ login"
676,customer,false,"• Facebook account ■■ login"
677,customer,false,"• User profile creation"
678,customer,false,"• Profile photo upload ■■■■ ■■ ■■■■■■"
679,customer,true,"• ■■■, phone number, email ■■ ■■■■■■■"
680,customer,false,"• ■■■ ■■■■■■ ■■■■■ ■ ■■■■■ ■■■■■ ■■ ■■■ ■■■■"
681,customer,false,"• ■■■ (Address) ■■■■ ■■■■ details"
682,customer,false,"• ID proof upload (Aadhar/PAN) - Optional"
683,customer,false,"• Document verification system"
684,customer,false,"• Emergency contacts add ■■■■ ■■ option (3 contacts)"
685,customer,false,"• Language preference setting (Hindi/English/Rajasthani)"
686,customer,false,"• Profile edit ■■■■ ■■ ■■■■■■"
687,customer,false,"• Password change option"
688,customer,false,"• Email/Phone number update"
689,customer,false,"• Profile privacy settings"
690,customer,false,"• Account delete option"
691,customer,false,""
692,customer,false,"■.■ ■■■■ ■■ ■■■■■■ (Tourist Places & History)"
693,customer,false,"• ■■■ ■■■■■■ ■■ ■■■■■■ ■■■■■■ ■■■■ ■■■■ ■■■■■"
694,customer,false,"• ■■■■■■■■ ■■ ■■■ forts (■■■■) ■■ ■■■■■■■"
695,customer,false,"• ■■■ palaces (■■■) ■■ details"
696,customer,false,"• ■■■ temples (■■■■■) ■■ information"
697,customer,false,"• Museums ■■ heritage sites"
698,customer,false,"• ■■■■■■■■ ■■ ■■■■■■■■ ■■■■■■ ■■ ■■■■ gallery"
699,customer,false,"• ■■ ■■■ ■■ complete historical information"
700,customer,false,"• ■■■■■■■ ■■ ■■■■ ■■ ■■■ (Temple aarti timings)"
701,customer,false,"• ■■■■ ■■ ■■■■ timing"
702,customer,false,"• ■■■ ■■ ■■■■ timing"
703,customer,false,"• ■■■■■ ■■■■ ■■ festival dates"
704,customer,false,"• Entry fees information (■■ ■■■ ■■)"
705,customer,false,"• Opening ■■ closing timings"
706,customer,false,"• Best time to visit suggestions"
707,customer,false,"• Photography allowed ■■ ■■■■"
708,customer,false,"• Dress code requirements (if any)"
709,customer,false,"• Guided tour availability"
710,customer,false,"• Audio guide options"
711,customer,false,"• Special events calendar"
712,customer,false,"• Festival celebrations information"
713,customer,false,"• Local legends ■■ stories"
714,customer,false,"• Architectural highlights"
715,customer,false,"• Photo gallery - real trip photos"
716,customer,false,"• 360-degree virtual tour (future)"
717,customer,false,"• Nearby attractions list"
718,customer,false,"• Distance from major cities"
719,customer,false,"• How to reach information"
720,customer,false,"• Parking availability"
721,customer,false,""
722,customer,false,""
723,customer,false,"■.■ ■■■■■■ ■■■■■■ (Complete Booking System)"
724,customer,false,"• ■■■ ■■ ■■■ ■■ ■■■■■ ■■■■ ■■ ■■■■■ ■■■■ ■■■■■"
725,customer,false,"• Pickup location search with auto-suggestions"
726,customer,false,"• ■■■■■■■■ ■■ ■■■ ■■■■ ■ ■■■■ ■■■■■ ■■ ■■■ ■■■■"
727,customer,true,"• All cities auto-suggest (Jaipur, Udaipur, Jodhpur, etc.)"
728,customer,true,"• All forts auto-suggest (Amber, Mehrangarh, etc.)"
729,customer,true,"• All temples auto-suggest (Ajmer Sharif, Brahma Temple, etc.)"
730,customer,false,"• All tourist spots auto-suggest"
731,customer,false,"• Villages ■■ small towns ■■ included"
732,customer,false,"• Custom location entry option"
733,customer,false,"• GPS-based current location pickup"
734,customer,false,"• Drop location search with same auto-suggestions"
735,customer,false,"• Popular routes quick select"
736,customer,false,"• Recent locations history"
737,customer,false,"• Favorite locations save ■■■■ ■■ option"
738,customer,false,"• Multi-stop trip planning (future feature)"
739,customer,false,"• Round trip option"
740,customer,false,"• One-way trip option"
741,customer,false,"• Vehicle type selection"
742,customer,false,"• Hatchback (4 seater) - photo ■■ capacity"
743,customer,false,"• Sedan (4 seater) - photo ■■ capacity"
744,customer,false,"• SUV (6-7 seater) - photo ■■ capacity"
745,customer,false,"• Tempo Traveller (12 seater) - photo ■■ capacity"
746,customer,false,"• Bus (20+ seater) - photo ■■ capacity"
747,customer,false,"• AC ■■ Non-AC options"
748,customer,true,"• Vehicle features display (music, WiFi, etc.)"
749,customer,false,"• Date picker - minimum 2 hours advance booking"
750,customer,false,"• Time picker with 30-minute slots"
751,customer,false,"• Flexible timing option"
752,customer,false,"• Immediate booking (if available)"
753,customer,false,"• Advanced booking (up to 3 months)"
754,customer,false,"• Passenger details form"
755,customer,false,"• Main passenger name"
756,customer,false,"• Phone number"
757,customer,false,"• Email address"
758,customer,false,"• Number of passengers"
759,customer,false,"• Special requirements field"
760,customer,false,"• Luggage details"
761,customer,false,"• Child seat requirement"
762,customer,false,"• Pet-friendly option"
763,customer,false,"• Wheelchair accessibility"
764,customer,false,"• Additional notes field"
765,customer,false,""
766,customer,false,""
767,customer,false,"■.■ ■■■■■■ ■■■■ ■■ ■■■■■ ■■■■■■■■ (Fare Calculation)"
768,customer,false,"• Real-time fare calculator"
769,customer,false,"• Distance-based automatic calculation"
770,customer,false,"• Vehicle type ■■ ■■■■ ■■ pricing"
771,customer,false,"• Base fare display (■■■■■■■ ■■■■■■)"
772,customer,false,"• Per kilometer charges"
773,customer,false,"• Minimum fare guarantee"
774,customer,false,"• Maximum fare cap"
775,customer,false,"• GST calculation (5% auto-add)"
776,customer,false,"• Complete fare breakdown display:"
777,customer,false,"- Base charge"
778,customer,false,"- Distance charge (KM × Rate)"
779,customer,false,"- GST amount"
780,customer,false,"- Total payable amount"
781,customer,false,"• Toll charges (if applicable)"
782,customer,false,"• Parking charges (if applicable)"
783,customer,false,"• Night charges (10 PM - 6 AM)"
784,customer,false,"• Peak hours surcharge"
785,customer,false,"• Festival season pricing"
786,customer,false,"• Dynamic pricing based on demand"
787,customer,false,"• Multiple vehicle price comparison"
788,customer,false,"• Estimated vs actual fare display"
789,customer,false,"• Fare estimate via SMS/Email"
790,customer,false,"• Price freeze option"
791,customer,false,"• Round trip discount"
792,customer,false,"• Long distance package rates"
793,customer,false,"• Group booking discounts"
794,customer,false,"• Promo code discount deduction"
795,customer,false,"• Loyalty points redemption"
796,customer,false,"• Wallet balance adjustment"
797,customer,false,"• Final amount to pay clearly shown"
798,customer,false,""
799,customer,false,""
800,customer,false,"■.■ ■■■■■■ ■■■■■■ (Complete Payment System)"
801,customer,false,"• Multiple payment methods support"
802,customer,false,"• ■■■■■■■■■ ■■■ (PayPal) - International payment"
803,customer,false,"• UPI payments (■■■ UPI apps)"
804,customer,false,"- Google Pay (GPay)"
805,customer,false,"- PhonePe"
806,customer,false,"- Paytm UPI"
807,customer,false,"- BHIM UPI"
808,customer,false,"- Amazon Pay UPI"
809,customer,false,"- Any UPI ID"
810,customer,true,"• Credit cards (Visa, Mastercard, Amex, RuPay)"
811,customer,false,"• Debit cards (■■■ banks)"
812,customer,false,"• Net banking (■■■ major banks)"
813,customer,true,"- SBI, HDFC, ICICI, Axis, PNB"
814,customer,false,"- Regional banks ■■ included"
815,customer,false,"• Mobile wallets:"
816,customer,false,"- Paytm Wallet"
817,customer,false,"- PhonePe Wallet"
818,customer,false,"- Mobikwik"
819,customer,false,"- Freecharge"
820,customer,false,"- Amazon Pay"
821,customer,false,"• GOindiaRIDE Wallet (platform ■■ own wallet)"
822,customer,false,"- Wallet ■■■ ■■■■ add ■■■■"
823,customer,false,"- Wallet ■■ direct payment"
824,customer,false,"- Auto-reload option"
825,customer,false,"- Wallet transaction history"
826,customer,false,"- Refund to wallet (instant)"
827,customer,false,"• Cash on Delivery option"
828,customer,false,"- Driver ■■ cash payment"
829,customer,false,"- Change arrangement alert"
830,customer,false,"• EMI option (high value bookings)"
831,customer,false,"• Split payment (multiple methods)"
832,customer,false,"• Payment schedule (advance + balance)"
833,customer,false,"• Auto-debit facility"
834,customer,false,"• Payment retry option"
835,customer,false,"• Payment failure alerts"
836,customer,false,"• Transaction ID generation"
837,customer,false,"• Payment confirmation SMS"
838,customer,false,"• Payment confirmation Email"
839,customer,false,"• Payment receipt download (PDF)"
840,customer,false,"• GST invoice generation"
841,customer,false,"• Payment security (PCI-DSS compliant)"
842,customer,false,"• OTP verification for payments"
843,customer,false,"• CVV verification"
844,customer,false,"• 3D Secure authentication"
845,customer,false,"• Refund to original payment method"
846,customer,false,"• Refund timeline display"
847,customer,false,"• Payment history tracking"
848,customer,false,"• Monthly payment statements"
849,customer,false,""
850,customer,false,""
851,customer,false,"■.■ ■■■■ ■■■■■■■■ ■■ ■■■■■■■■■ (Ride History Management)"
852,customer,false,"• Complete ride history (■■■ past bookings)"
853,customer,false,"• Upcoming bookings display"
854,customer,false,"• Completed trips list"
855,customer,false,"• Cancelled bookings list"
856,customer,false,"• Ongoing trip tracking"
857,customer,false,"• Filter by date range"
858,customer,false,"• Filter by status (completed/cancelled/pending)"
859,customer,false,"• Search by booking ID"
860,customer,false,"• Search by destination"
861,customer,false,"• Trip details view:"
862,customer,false,"- Booking date ■■ time"
863,customer,false,"- Pickup location"
864,customer,false,"- Drop location"
865,customer,false,"- Distance traveled"
866,customer,false,"- Time taken"
867,customer,false,"- Vehicle type"
868,customer,false,"- Driver name ■■ photo"
869,customer,false,"- Driver rating"
870,customer,false,"- Fare paid"
871,customer,false,"- Payment method"
872,customer,false,"• Route map view"
873,customer,false,"• Trip timeline"
874,customer,false,"• Trip photos (if uploaded)"
875,customer,false,"• Invoice download (PDF format)"
876,customer,false,"• GST invoice"
877,customer,false,"• Print invoice option"
878,customer,false,"• Email invoice"
879,customer,false,"• Ride cancellation option"
880,customer,false,"• Cancellation before 24 hours - 100% refund"
881,customer,false,"• Cancellation 12-24 hours before - 50% refund"
882,customer,false,"• Cancellation less than 12 hours - No refund"
883,customer,false,"• Cancellation penalty display"
884,customer,false,"• Refund status tracking"
885,customer,false,"• Rebook option (■■ click ■■■ ■■■ ■■ book)"
886,customer,false,"• Same route booking"
887,customer,false,"• Modify existing booking"
888,customer,false,"• Add to favorite routes"
889,customer,false,"• Share trip details:"
890,customer,false,"- WhatsApp share"
891,customer,false,"- Email share"
892,customer,false,"- SMS share"
893,customer,false,"- Social media share"
894,customer,false,"• Export trip history (Excel/PDF)"
895,customer,false,"• Monthly trip summary"
896,customer,false,"• Total distance traveled"
897,customer,false,"• Total money spent"
898,customer,false,"• Carbon footprint calculator"
899,customer,false,"• Loyalty points earned per trip"
900,customer,false,""
901,customer,false,""
902,customer,false,"■.■ ■■■■■■ ■■ ■■■■■■ ■■■■■■ (Rating & Review System)"
903,customer,false,"• Driver rating system (1-5 stars)"
904,customer,false,"• Vehicle condition rating"
905,customer,false,"• Service quality rating"
906,customer,false,"• Punctuality rating"
907,customer,false,"• Behavior rating"
908,customer,false,"• Overall experience rating"
909,customer,false,"• Written review ■■■■■ ■■ option"
910,customer,false,"• Review character limit (500 words)"
911,customer,false,"• Review editing option"
912,customer,false,"• Review delete option"
913,customer,false,"• Photo upload from trip"
914,customer,false,"• Multiple photos upload (up to 10)"
915,customer,false,"• Video review upload (optional)"
916,customer,false,"• Anonymous review option"
917,customer,false,"• Public review display"
918,customer,false,"• Verified booking badge on review"
919,customer,false,"• Review helpful/not helpful voting"
920,customer,false,"• View other customer reviews"
921,customer,false,"• Sort reviews by:"
922,customer,false,"- Most recent"
923,customer,false,"- Highest rated"
924,customer,false,"- Lowest rated"
925,customer,false,"- Most helpful"
926,customer,false,"• Filter reviews by rating"
927,customer,false,"• Driver response to reviews"
928,customer,false,"• Admin moderation of reviews"
929,customer,false,"• Report inappropriate reviews"
930,customer,false,"• Review rewards (loyalty points)"
931,customer,false,"• Monthly best reviewer badge"
932,customer,false,"• Share your review on social media"
933,customer,false,""
934,customer,false,""
935,customer,false,"■.■ ■■■■■■■ ■■ ■■■■■■■■■ ■■■■■■■■ (Safety & Emergency)"
936,customer,false,"• Emergency SOS button (highly visible)"
937,customer,false,"• One-click emergency alert"
938,customer,false,"• SOS sends GPS location automatically"
939,customer,false,"• SOS alerts admin instantly"
940,customer,false,"• SOS alerts police (if configured)"
941,customer,false,"• SOS alerts emergency contacts"
942,customer,false,"• Share ride details via WhatsApp"
943,customer,false,"• Share ride details via SMS"
944,customer,false,"• Share ride details via Email"
945,customer,false,"• Live location sharing:"
946,customer,false,"- Share with family members"
947,customer,false,"- Share with friends"
948,customer,false,"- Real-time location updates"
949,customer,false,"- Location sharing duration control"
950,customer,false,"• Add 3 emergency contacts"
951,customer,true,"- Name, phone, relation"
952,customer,false,"- Auto-alert in emergency"
953,customer,false,"• 24/7 customer support:"
954,customer,false,"- Phone support"
955,customer,false,"- Chat support"
956,customer,false,"- Email support"
957,customer,false,"- WhatsApp support"
958,customer,false,"• Help center with FAQs"
959,customer,false,"• Common issues ■■ solutions"
960,customer,false,"• Safety guidelines for travelers"
961,customer,false,"• Women safety features:"
962,customer,false,"- Female driver preference option"
963,customer,false,"- Share OTP verification"
964,customer,false,"- Trusted contact verification"
965,customer,false,"• Night travel safety tips"
966,customer,false,"• Insurance information display"
967,customer,false,"• Passenger insurance details"
968,customer,false,"• Accident helpline number"
969,customer,false,"• Medical emergency contacts"
970,customer,false,"• Nearest hospital information"
971,customer,false,"• Police station contacts"
972,customer,false,"• Tourist helpline numbers"
973,customer,false,"• Embassy contacts (for international tourists)"
974,customer,false,"• In-trip support button"
975,customer,false,"• Report unsafe driving"
976,customer,false,"• Report route deviation"
977,customer,false,"• Speed limit alerts"
978,customer,false,"• Trip recording option"
979,customer,false,"• Audio recording (with consent)"
980,customer,false,"• Panic mode (silent alert)"
981,customer,false,"• Safe arrival confirmation"
982,customer,false,"• Destination reached notification"
983,customer,false,""
984,customer,false,""
985,customer,false,"■.■ ■■■■■■ ■■ ■■■■■■■ ■■■■■■■■ (Tourism & Local Services)"
986,customer,false,"• Restaurant recommendations (verified)"
987,customer,false,"- Multi-cuisine restaurants"
988,customer,false,"- Local Rajasthani food spots"
989,customer,false,"- Budget restaurants"
990,customer,false,"- Premium dining"
991,customer,false,"- Street food recommendations"
992,customer,false,"- Vegetarian/Non-veg options"
993,customer,false,"- Restaurant ratings ■■ reviews"
994,customer,false,"- Distance from current location"
995,customer,false,"- Booking/reservation option"
996,customer,false,"• Shop/Post office/Hotel ■■ ■■■■■■■"
997,customer,false,"• Handicraft shops information:"
998,customer,false,"- Textile shops"
999,customer,false,"- Jewelry shops"
1000,customer,false,"- Pottery ■■ ceramics"
1001,customer,false,"- Leather goods"
1002,customer,false,"- Miniature paintings"
1003,customer,false,"- Blue pottery"
1004,customer,false,"- Bandhani ■■ tie-dye"
1005,customer,false,"- Rajasthani puppets"
1006,customer,false,"- Shop ratings"
1007,customer,false,"- Price range"
1008,customer,false,"- Bargaining tips"
1009,customer,false,"• Hotel recommendations:"
1010,customer,false,"- Budget hotels"
1011,customer,false,"- Mid-range hotels"
1012,customer,false,"- Luxury hotels"
1013,customer,false,"- Heritage hotels"
1014,customer,false,"- Homestays"
1015,customer,false,"- Hotel ratings"
1016,customer,false,"- Room rates"
1017,customer,false,"- Amenities list"
1018,customer,false,"- Booking links"
1019,customer,false,"• Post office locations"
1020,customer,false,"• ATM locations"
1021,customer,false,"• Petrol pumps"
1022,customer,false,"• Medical stores (24×7)"
1023,customer,false,"• Hospitals ■■ clinics"
1024,customer,false,"• Police stations"
1025,customer,false,"• Tourist information centers"
1026,customer,false,"• Currency exchange centers"
1027,customer,false,"• Parking areas"
1028,customer,false,"• Public toilets"
1029,customer,false,"• Railway stations"
1030,customer,false,"• Bus stands"
1031,customer,false,"• Airport information"
1032,customer,false,"• Photography spots:"
1033,customer,false,"- Best sunset points"
1034,customer,false,"- Best sunrise spots"
1035,customer,false,"- Instagram-worthy locations"
1036,customer,false,"- Selfie points"
1037,customer,false,"• Cultural events calendar:"
1038,customer,false,"- Festivals"
1039,customer,false,"- Fairs (Pushkar Fair, etc.)"
1040,customer,false,"- Folk music events"
1041,customer,false,"- Dance performances"
1042,customer,false,"- Camel rides"
1043,customer,false,"- Desert camps"
1044,customer,false,"• Local guides contact"
1045,customer,false,"• Language translator services"
1046,customer,false,"• Shopping tips"
1047,customer,false,"• Local customs information"
1048,customer,false,"• Weather forecast"
1049,customer,false,"• Best season to visit"
1050,customer,false,"• Monsoon travel tips"
1051,customer,false,"• Summer travel precautions"
1052,customer,false,"• Winter travel guide"
1053,customer,false,""
1054,customer,false,""
1055,customer,false,""
1056,customer,false,"■.■■ ■■■■■■ ■■■ ■■ ■■■ (Promo Codes & Discounts)"
1057,customer,false,"• Discount coupon codes"
1058,customer,false,"• First ride discount (special offer)"
1059,customer,false,"• Sign-up bonus"
1060,customer,false,"• Referral program:"
1061,customer,false,"- Refer a friend ■■ earn discount"
1062,customer,false,"- Referral code sharing"
1063,customer,false,"- WhatsApp share"
1064,customer,false,"- Social media share"
1065,customer,false,"- Referral earnings tracking"
1066,customer,false,"- Both parties get discount"
1067,customer,false,"• Loyalty points system:"
1068,customer,false,"- Earn points on every ride"
1069,customer,false,"- 1 trip = X points"
1070,customer,false,"- Points to rupees conversion"
1071,customer,false,"- Redeem points for discounts"
1072,customer,false,"- Points balance display"
1073,customer,false,"- Points expiry information"
1074,customer,false,"- Bonus points on special occasions"
1075,customer,false,"• Seasonal offers:"
1076,customer,false,"- Diwali special discount"
1077,customer,false,"- Holi offers"
1078,customer,false,"- New Year deals"
1079,customer,false,"- Republic Day offer"
1080,customer,false,"- Independence Day discount"
1081,customer,false,"- Navratri special"
1082,customer,false,"- Christmas offers"
1083,customer,false,"• Festival season packages"
1084,customer,false,"• Pushkar Fair special rates"
1085,customer,false,"• Group booking discounts:"
1086,customer,false,"- Family packages"
1087,customer,false,"- Corporate bookings discount"
1088,customer,false,"- School/college group rates"
1089,customer,false,"- Multiple vehicle booking discount"
1090,customer,false,"• Long distance discounts"
1091,customer,false,"• Round trip packages"
1092,customer,false,"• Multi-day trip packages"
1093,customer,false,"• Weekend special offers"
1094,customer,false,"• Weekday discounts"
1095,customer,false,"• Early bird discounts (advance booking)"
1096,customer,false,"• Last-minute deals"
1097,customer,false,"• Birthday special discount"
1098,customer,false,"• Anniversary offers"
1099,customer,false,"• Student discounts (with valid ID)"
1100,customer,false,"• Senior citizen discounts"
1101,customer,false,"• Armed forces discounts"
1102,customer,false,"• Coupon code redemption:"
1103,customer,false,"- Apply code at checkout"
1104,customer,false,"- Auto-apply best offer"
1105,customer,false,"- Multiple code usage rules"
1106,customer,false,"- Coupon code validation"
1107,customer,false,"- Expiry date display"
1108,customer,false,"• Cashback offers:"
1109,customer,false,"- Cashback to wallet"
1110,customer,false,"- Cashback percentage"
1111,customer,false,"- Minimum booking amount"
1112,customer,false,"- Maximum cashback limit"
1113,customer,false,"• Combo offers:"
1114,customer,false,"- Hotel + Taxi package"
1115,customer,false,"- Sight-seeing + Taxi combo"
1116,customer,false,"- Meal + Taxi offer"
1117,customer,false,"• Bank offers:"
1118,customer,false,"- HDFC card offers"
1119,customer,false,"- ICICI bank discounts"
1120,customer,false,"- SBI card cashback"
1121,customer,false,"- Other bank promotions"
1122,customer,false,"• Wallet-specific offers"
1123,customer,false,"• UPI payment cashback"
1124,customer,false,"• Payment method discounts"
1125,customer,false,""
1126,customer,false,""
1127,customer,false,"■.■■ ■■■■ ■■■■■■■■ (User Dashboard)"
1128,customer,false,"• Personalized dashboard"
1129,customer,false,"• Welcome message with user name"
1130,customer,false,"• Profile completion percentage"
1131,customer,false,"• Upcoming bookings display:"
1132,customer,false,"- Next trip details"
1133,customer,false,"- Countdown timer"
1134,customer,false,"- Quick cancel option"
1135,customer,false,"- Modify booking option"
1136,customer,false,"• Recent trips summary"
1137,customer,false,"• Total trips completed counter"
1138,customer,false,"• Total distance traveled (in KM)"
1139,customer,false,"• Total money spent (lifetime)"
1140,customer,false,"• This month's expense"
1141,customer,false,"• Average trip cost"
1142,customer,false,"• Loyalty points balance:"
1143,customer,false,"- Current points"
1144,customer,false,"- Points about to expire"
1145,customer,false,"- Next reward milestone"
1146,customer,false,"• Wallet balance display:"
1147,customer,false,"- Current balance"
1148,customer,false,"- Add money button"
1149,customer,false,"- Transaction history"
1150,customer,false,"• Saved favorite locations:"
1151,customer,false,"- Home address"
1152,customer,false,"- Work address"
1153,customer,false,"- Frequent destinations"
1154,customer,false,"- Quick booking from favorites"
1155,customer,false,"• Emergency contacts list:"
1156,customer,false,"- View contacts"
1157,customer,false,"- Edit contacts"
1158,customer,false,"- Add new contact"
1159,customer,false,"• Quick actions:"
1160,customer,false,"- Book now button"
1161,customer,false,"- Rebook last trip"
1162,customer,false,"- View invoices"
1163,customer,false,"- Download statements"
1164,customer,false,"• Notifications center:"
1165,customer,false,"- Unread notifications count"
1166,customer,false,"- All notifications list"
1167,customer,false,"- Mark as read option"
1168,customer,false,"- Clear all notifications"
1169,customer,false,"• Offers ■■ promotions:"
1170,customer,false,"- Active offers display"
1171,customer,false,"- Expiring soon alerts"
1172,customer,false,"- Claim offer button"
1173,customer,false,"• Achievements ■■ badges:"
1174,customer,false,"- Frequent traveler badge"
1175,customer,false,"- Explorer badge"
1176,customer,false,"- Loyal customer badge"
1177,customer,false,"- Early adopter badge"
1178,customer,false,"• Travel statistics:"
1179,customer,false,"- Most visited place"
1180,customer,false,"- Favorite vehicle type"
1181,customer,false,"- Preferred driver"
1182,customer,false,"- Peak travel time"
1183,customer,false,"• Carbon footprint:"
1184,customer,false,"- CO2 saved vs personal vehicle"
1185,customer,false,"- Environmental impact"
1186,customer,false,"• Referral status:"
1187,customer,false,"- Friends referred count"
1188,customer,false,"- Successful referrals"
1189,customer,false,"- Pending referrals"
1190,customer,false,"- Earnings from referrals"
1191,customer,false,"• Settings quick access:"
1192,customer,false,"- Profile settings"
1193,customer,false,"- Notification preferences"
1194,customer,false,"- Privacy settings"
1195,customer,false,"- Language change"
1196,customer,false,"- Help and support"
1197,customer,false,"• Feedback option"
1198,customer,false,"• Rate your experience"
1199,customer,false,"• Suggest improvements"
1200,customer,false,""
1201,customer,false,""
1202,customer,false,"■.■■ ■■■■■■■■■■ ■■■■■■ (Notification System)"
1203,customer,false,"• Push notifications (real-time)"
1204,customer,false,"• SMS notifications"
1205,customer,false,"• Email notifications"
1206,customer,false,"• WhatsApp notifications (optional)"
1207,customer,false,"• Booking confirmation notification"
1208,customer,false,"• Driver assignment alert:"
1209,customer,false,"- Driver name"
1210,customer,false,"- Driver photo"
1211,customer,false,"- Vehicle details"
1212,customer,false,"- Contact number"
1213,customer,false,"• Driver on the way notification"
1214,customer,false,"• Driver arrival alert (5 mins before)"
1215,customer,false,"• Driver arrived notification"
1216,customer,false,"• OTP verification notification"
1217,customer,false,"• Trip started notification"
1218,customer,false,"• Trip ongoing updates (optional)"
1219,customer,false,"• Mid-trip alerts"
1220,customer,false,"• Trip completed notification"
1221,customer,false,"• Payment success confirmation"
1222,customer,false,"• Invoice ready notification"
1223,customer,false,"• Refund processed alert"
1224,customer,false,"• Promo code activated message"
1225,customer,false,"• Discount applied notification"
1226,customer,false,"• Loyalty points earned alert"
1227,customer,false,"• Points about to expire warning"
1228,customer,false,"• Wallet balance low alert"
1229,customer,false,"• Wallet money added confirmation"
1230,customer,false,"• New offer launched notification"
1231,customer,false,"• Expiring offer reminder"
1232,customer,false,"• Festival special offers alert"
1233,customer,false,"• Referral success notification"
1234,customer,false,"• Friend joined via referral alert"
1235,customer,false,"• Achievement unlocked notification"
1236,customer,false,"• New badge earned alert"
1237,customer,false,"• Birthday wishes ■■ special offer"
1238,customer,false,"• Anniversary discount notification"
1239,customer,false,"• Booking reminder (1 day before)"
1240,customer,false,"• Booking reminder (1 hour before)"
1241,customer,false,"• Weather alert (if bad weather)"
1242,customer,false,"• Road closure information"
1243,customer,false,"• Festival crowd alert"
1244,customer,false,"• Driver rating reminder"
1245,customer,false,"• Incomplete booking reminder"
1246,customer,false,"• Abandoned cart reminder"
1247,customer,false,"• Re-engagement notifications:"
1248,customer,false,"- Miss you messages"
1249,customer,false,"- Come back offers"
1250,customer,false,"- Special discounts for inactive users"
1251,customer,false,"• Profile completion reminder"
1252,customer,false,"• Emergency contact update reminder"
1253,customer,false,"• Document expiry alert (if applicable)"
1254,customer,false,"• App update available notification"
1255,customer,false,"• New feature announcement"
1256,customer,false,"• Notification preferences:"
1257,customer,false,"- Enable/Disable notifications"
1258,customer,false,"- Choose notification types"
1259,customer,false,"- Notification sound"
1260,customer,false,"- Vibration on/off"
1261,customer,false,"- Do Not Disturb hours"
1262,customer,false,"• Notification history"
1263,customer,false,"• Unread notifications badge"
1264,customer,false,"• Notification actions:"
1265,customer,false,"- Quick reply from notification"
1266,customer,false,"- Book from notification"
1267,customer,false,"- View details"
1268,customer,false,"- Dismiss"
1269,customer,false,"- Snooze"
1270,customer,false,""
1271,customer,false,""
1272,customer,false,"■.■■ ■■■■■■■■ ■■■■■■ ■■■■■■■■ (Additional Customer Features)"
1273,customer,false,"• Multi-language support:"
1274,customer,false,"- ■■■■■ (Hindi)"
1275,customer,false,"- English"
1276,customer,false,"- ■■■■■■■■■ (Rajasthani)"
1277,customer,false,"- German (■■■■■)"
1278,customer,false,"- French (■■■■■■)"
1279,customer,false,"- Spanish (■■■■■■■)"
1280,customer,false,"- Chinese (■■■■■■ ■■■) all language"
1281,customer,false,"• ■■■■ ■■■■■■■■ (Language communication support)"
1282,customer,false,"• Real-time language translation"
1283,customer,false,"• Trip before preview (unique) - ■■■■■ ■■ ■■■■■■"
1284,customer,false,"- Virtual tour of destination"
1285,customer,false,"- Photos of route"
1286,customer,false,"- Points of interest"
1287,customer,false,"- Estimated journey visuals"
1288,customer,false,"• Real Trip Photos (■■■■ ■■■■■■):"
1289,customer,false,"- Actual customer trip photos"
1290,customer,false,"- Photo gallery"
1291,customer,false,"- Before and after photos"
1292,customer,false,"- Seasonal photos"
1293,customer,false,"• 'Why Come Back Again' section:"
1294,customer,false,"- Unique experiences highlight"
1295,customer,false,"- Customer testimonials"
1296,customer,false,"- Return customer benefits"
1297,customer,false,"• 'Why Trust Us' section:"
1298,customer,false,"- Company credentials"
1299,customer,false,"- Safety record"
1300,customer,false,"- Customer satisfaction rate"
1301,customer,false,"- Awards ■■ recognition"
1302,customer,false,"- Media coverage"
1303,customer,false,"- Certifications"
1304,customer,false,"• Emotional Connect content:"
1305,customer,false,"- Personal stories"
1306,customer,false,"- Memorable journeys"
1307,customer,false,"- Family travel experiences"
1308,customer,false,"- Cultural connections"
1309,customer,false,"• Conversion ■■■■■■ ■■■■ ■■■■:"
1310,customer,false,"- Clear call-to-action buttons"
1311,customer,false,"- Limited time offers display"
1312,customer,false,"- Urgency creators (X seats left)"
1313,customer,false,"- Trust badges"
1314,customer,false,"- Secure payment icons"
1315,customer,false,"• Social Proof elements:"
1316,customer,false,"- Total customers served"
1317,customer,false,"- Total kilometers covered"
1318,customer,false,"- Total trips completed"
1319,customer,false,"- Average rating display"
1320,customer,false,"- Customer reviews count"
1321,customer,false,"- Media mentions"
1322,customer,false,"- Celebrity endorsements"
1323,customer,false,"- Awards display"
1324,customer,false,"• 'Experience, not Ride' Section:"
1325,customer,false,"- Journey as experience marketing"
1326,customer,false,"- Cultural immersion focus"
1327,customer,false,"- Local insights"
1328,customer,false,"- Storytelling approach"
1329,customer,false,"• Payment & Money Trust indicators:"
1330,customer,false,"- Secure payment badges"
1331,customer,false,"- PCI-DSS certification"
1332,customer,false,"- Money-back guarantee"
1333,customer,false,"- Refund policy clearly stated"
1334,customer,false,"- No hidden charges promise"
1335,customer,false,"• International Customer ■■ ■■■:"
1336,customer,false,"- ■■■■■■■■■ ■■■■■■ ■■ ■■■■ ■■■■ ■■: 'SAFE ■■ ■■'"
1337,customer,false,"- Safety assurance prominently"
1338,customer,false,"- ■■■ ■■■ ■■■■ ■■ - visual safety proof"
1339,customer,false,"- International payment support"
1340,customer,false,"- Multi-currency display (future)"
1341,customer,false,"- Travel insurance info"
1342,customer,false,"- Embassy contact integration"
1343,customer,false,"• Accessibility features:"
1344,customer,false,"- Screen reader support"
1345,customer,false,"- Voice commands (future)"
1346,customer,false,"- Large text option"
1347,customer,false,"- High contrast mode"
1348,customer,false,"- Wheelchair accessible vehicles"
1349,customer,false,"• Offline mode support:"
1350,customer,false,"- View saved trips offline"
1351,customer,false,"- Offline invoices"
1352,customer,false,"- Cached information"
1353,customer,false,"• Progressive Web App (PWA):"
1354,customer,false,"- Add to home screen"
1355,customer,false,"- App-like experience"
1356,customer,false,"- Fast loading"
1357,customer,false,"- Push notifications"
1358,customer,false,"• Customer support chat:"
1359,customer,false,"- Live chat support"
1360,customer,false,"- AI chatbot (basic queries)"
1361,customer,false,"- Chat history saved"
1362,customer,false,"- File sharing in chat"
1363,customer,false,"• Video call support (for international):"
1364,customer,false,"- Pre-trip video call with driver"
1365,customer,false,"- Verification purpose"
1366,customer,false,"• Travel blog section:"
1367,customer,false,"- Rajasthan travel tips"
1368,customer,false,"- Hidden gems"
1369,customer,false,"- Food guides"
1370,customer,false,"- Shopping guides"
1371,customer,false,"- Photography tips"
1372,customer,false,"• Community features:"
1373,customer,false,"- Travel buddy finding"
1374,customer,false,"- Group tours organization"
1375,customer,false,"- Forum discussions"
1376,customer,false,"- User-generated content"
1377,customer,false,"• Wishlist feature:"
1378,customer,false,"- Save places to visit"
1379,customer,false,"- Plan future trips"
1380,customer,false,"- Share wishlist"
1381,customer,false,"• Calendar integration:"
1382,customer,false,"- Add booking to calendar"
1383,customer,false,"- Sync with Google Calendar"
1384,customer,false,"- Reminder before trip"
1385,customer,false,""
1386,customer,false,""
1387,customer,false,""
1388,customer,false,"# GOindiaRIDE - COMPLETE FEATURES LIST"
1389,customer,false,"## सभी Features की विस्तृत सूची"
1390,customer,false,""
1391,customer,false,"---"
1392,customer,false,""
1393,customer,false,"## SECTION A: CUSTOMER PORTAL (ग्राहक पोर्टल)"
1394,customer,false,""
1395,customer,false,"### 1. यूजर रजिस्ट्रेशन और ऑथेंटिकेशन"
1396,customer,false,"- यूजर रजिस्ट्रेशन होनी चाहिए (User Registration & Profile System)"
1397,customer,false,"- OTP की बुकिंग करने का ऑप्शन (OTP-based booking/login)"
1398,customer,false,"- सभी पर्सनल डिटेल व ब्लॉक डिटेल के नाम सहित (Personal details with block details and names)"
1399,customer,false,"- Email/Password login"
1400,customer,false,"- Phone number verification (OTP)"
1401,customer,false,"- Google/Facebook social login"
1402,customer,false,"- User profile with photo upload"
1403,customer,false,"- Document upload (ID proof) - optional"
1404,customer,false,""
1405,customer,false,"### 2. स्थल और इतिहास (Tourist Places & History)"
1406,customer,false,"- सभी स्थलों के पुराने इतिहास सहित होना चाहिए (Historical information for all places)"
1407,customer,true,"- राजस्थान के ऐतिहासिक स्थलों की फोटो, इतिहास और मंदिरों की आरती का समय"
1408,customer,false,"- Temple aarti timings"
1409,customer,false,"- Entry fees information"
1410,customer,false,"- Opening/closing timings"
1411,customer,false,"- Photo gallery of real trips"
1412,customer,false,"- Best time to visit recommendations"
1413,customer,false,""
1414,customer,false,"### 3. बुकिंग सिस्टम (Booking System)"
1415,customer,false,"- आने के लिए एक संबंध करने का ऑप्शन होना चाहिए (Contact/booking option)"
1416,customer,false,"- Pick-up location search with auto-suggestions"
1417,customer,false,"- Drop location search with auto-suggestions  "
1418,customer,false,"- राजस्थान के सभी छोटे व बड़े जगहों के नाम पुरे (All Rajasthan places - big and small)"
1419,customer,true,"- Vehicle type selection (Hatchback, Sedan, SUV, Tempo Traveller, Bus)"
1420,customer,false,"- Date and time picker (minimum 2 hours advance)"
1421,customer,true,"- Passenger details (name, phone, email)"
1422,customer,false,"- Special requirements/notes field"
1423,customer,false,"- Fare calculator (real-time estimation)"
1424,customer,false,"- Payment method selection"
1425,customer,false,"- Booking confirmation with booking ID"
1426,customer,false,""
1427,customer,false,"### 4. फेयर कैलकुलेशन (Fare Calculation)"
1428,customer,false,"- Distance-based fare calculation"
1429,customer,false,"- Vehicle type-based pricing"
1430,customer,false,"- Base fare + Per KM charges"
1431,customer,false,"- GST calculation (5%)"
1432,customer,false,"- Breakdown display (base + distance + GST)"
1433,customer,false,"- Multiple vehicle options with price comparison"
1434,customer,false,"- Peak hours surge pricing"
1435,customer,false,"- Discount code application"
1436,customer,false,""
1437,customer,false,"### 5. पेमेंट सिस्टम (Payment System)"
1438,customer,false,"- इंटरनेशनल मोड (PayPal) - International payment support"
1439,customer,false,"- UPI payments"
1440,customer,false,"- Credit/Debit cards"
1441,customer,false,"- Net banking"
1442,customer,true,"- Wallets (Paytm, PhonePe, etc.)"
1443,customer,false,"- Cash on delivery option"
1444,customer,false,"- GOindiaRIDE wallet (preloaded balance)"
1445,customer,false,"- Payment history tracking"
1446,customer,false,"- Auto-receipt generation"
1447,customer,false,""
1448,customer,false,"### 6. राइड हिस्ट्री और मैनेजमेंट (Ride Management)"
1449,customer,false,"- Complete ride history (all past bookings)"
1450,customer,true,"- Trip details (distance, time, cost)"
1451,customer,false,"- Ride cancellation option (24hrs पहली बुकिंग पर 5 से 5% तक डिस्काउंट मिले)"
1452,customer,false,"- Cancellation before 24 hours - full refund"
1453,customer,false,"- Cancellation 12-24 hours - 50% refund"
1454,customer,false,"- Less than 12 hours - no refund"
1455,customer,false,"- Invoice/receipt download (PDF)"
1456,customer,false,"- Rebook previous trips (one-click repeat)"
1457,customer,false,"- Favorite routes saving"
1458,customer,false,""
1459,customer,false,"### 7. रेटिंग और रिव्यू (Rating & Reviews)"
1460,customer,false,"- Driver rating (1-5 stars)"
1461,customer,false,"- Written review/feedback"
1462,customer,false,"- Photo upload from trip"
1463,customer,false,"- View other customer reviews"
1464,customer,false,"- Report issues/complaints"
1465,customer,false,"- Rate vehicle condition"
1466,customer,false,"- Rate punctuality"
1467,customer,false,""
1468,customer,false,"### 8. सेफ्टी और सपोर्ट (Safety & Support Features)"
1469,customer,false,"- Emergency SOS button (instant alert to admin and police)"
1470,customer,false,"- Share ride details via WhatsApp"
1471,customer,false,"- Live location sharing with family/friends"
1472,customer,false,"- Add 3 emergency contacts"
1473,customer,false,"- 24/7 customer support"
1474,customer,false,"- Chat support"
1475,customer,false,"- Help center/FAQs"
1476,customer,false,"- Insurance information display"
1477,customer,false,""
1478,customer,false,"### 9. पर्यटन सुविधाएं (Tourism Features)"
1479,customer,false,"- Restaurant recommendations (verified restaurants with ratings)"
1480,customer,true,"- Shop/Post office/Hotel की जानकारी (Shops, post offices, hotels info)"
1481,customer,false,"- Handicraft shops information"
1482,customer,false,"- Local food spots guide"
1483,customer,false,"- Cultural events calendar"
1484,customer,false,"- Festival information"
1485,customer,false,"- Best photo spots suggestions"
1486,customer,false,"- Travel tips and guides"
1487,customer,false,""
1488,customer,false,"### 10. प्रोमो कोड और डिस्काउंट (Promo Codes & Offers)"
1489,customer,false,"- Discount coupon codes"
1490,customer,false,"- First ride discount"
1491,customer,false,"- Referral program (refer and earn)"
1492,customer,false,"- Loyalty points system"
1493,customer,true,"- Seasonal offers (Diwali, Holi, etc.)"
1494,customer,false,"- Group booking discounts"
1495,customer,false,"- Festival special offers"
1496,customer,false,""
1497,customer,false,"### 11. यूजर डैशबोर्ड (User Dashboard)"
1498,customer,false,"- Upcoming bookings"
1499,customer,false,"- Completed trips count"
1500,customer,false,"- Total distance traveled"
1501,customer,false,"- Total money spent"
1502,customer,false,"- Loyalty points balance"
1503,customer,false,"- Wallet balance"
1504,customer,false,"- Saved favorite locations"
1505,customer,false,"- Emergency contacts list"
1506,customer,false,""
1507,customer,false,"### 12. नोटिफिकेशन सिस्टम (Notifications)"
1508,customer,false,"- Booking confirmation notifications"
1509,customer,false,"- Driver assignment alert"
1510,customer,false,"- Driver arrival notification"
1511,customer,false,"- Trip start/end notifications"
1512,customer,false,"- Payment success alerts"
1513,customer,false,"- Promo code/offer notifications"
1514,customer,false,"- Festival season reminders"
1515,customer,false,""
1516,customer,false,"### 13. अतिरिक्त फीचर्स (Additional Features)"
1517,customer,true,"- Multi-language support (Hindi, English, Rajasthani)"
1518,customer,false,"- Trip before preview (unique) - देखना की सुविधा होनी चाहिए"
1519,customer,false,"- Real trip photos (असली अमीरता) - actual customer trip photos"
1520,customer,false,"- ""Why come back again"" section"
1521,customer,false,"- ""Why trust us"" section"
1522,customer,false,"- Emotional connect content"
1523,customer,false,"- Conversion-focused design"
1524,customer,false,"- Social proof (testimonials, reviews)"
1525,customer,false,"- ""Experience, not Ride"" section"
1526,customer,false,"- Payment & money trust badges"
1527,customer,false,"- भाषा सम्बंधित (Language communication support)"
1528,customer,false,""
1529,customer,false,"---"
1530,customer,false,""
1531,driver,false,"## SECTION B: DRIVER PORTAL (ड्राइवर पोर्टल)"
1532,driver,false,""
1533,driver,false,"### 1. ड्राइवर रजिस्ट्रेशन (Driver Registration)"
1534,driver,false,"- ड्राइवर login हो (signup साइड कर सके) - Driver can signup and login"
1535,driver,true,"- Driver name, photo, phone, email"
1536,driver,false,"- Address details"
1537,driver,false,"- Driving experience years"
1538,driver,false,"- Languages known"
1539,driver,false,""
1540,driver,false,"### 2. वाहन की जानकारी (Vehicle Information)  "
1541,driver,false,"- ड्राइवर की गाड़ी की पूरी जानकारी फोटो का ऑप्शन - Complete vehicle info with photos"
1542,driver,true,"- Vehicle model, make, year"
1543,driver,false,"- Vehicle number/registration"
1544,driver,false,"- Vehicle type (Hatchback/Sedan/SUV/etc.)"
1545,driver,false,"- Vehicle color"
1546,driver,true,"- 4-angle vehicle photos (front, back, left, right sides)"
1547,driver,false,"- Seating capacity"
1548,driver,false,"- AC/Non-AC"
1549,driver,false,"- Vehicle features"
1550,driver,false,""
1551,driver,false,"### 3. KYC और डॉक्यूमेंट अपलोड (KYC & Document Upload)"
1552,driver,false,"- ड्राइवर लाभ हो केसे समझ ड्राइवर को पूरी जानकारी - Driver should understand complete benefits"
1553,driver,false,"- Driving License upload"
1554,driver,false,"- RC (Registration Certificate) upload"
1555,driver,false,"- Insurance papers upload"
1556,driver,false,"- PAN card upload"
1557,driver,false,"- Aadhar card upload"
1558,driver,false,"- सभी Document Upload करने का ऑप्शन - All document upload option"
1559,driver,false,"- Police verification certificate (optional)"
1560,driver,false,"- Address proof"
1561,driver,false,"- Bank account details for payments"
1562,driver,false,""
1563,driver,false,"### 4. सिक्योरिटी डिपॉजिट (Security Deposit)"
1564,driver,false,"- ड्राइवर के लिए Security Amount deposit का ऑप्शन होना चाहिए"
1565,driver,false,"- Rs. 5000 security deposit (online payment)"
1566,driver,false,"- 3 महीनों की सिक्योरिटी lockout (online) - 3 months security lock period"
1567,driver,false,"- Deposit refund policy after verification period"
1568,driver,false,"- Deposit status tracking"
1569,driver,false,""
1570,driver,false,"### 5. वेरिफिकेशन प्रोसेस (Verification Process)"
1571,driver,false,"- Admin approval required"
1572,driver,false,"- Document verification by admin"
1573,driver,false,"- Background check (optional)"
1574,driver,false,"- 3-month verification period"
1575,driver,false,"- Status updates (pending/approved/rejected)"
1576,driver,false,"- Rejection reason display"
1577,driver,false,""
1578,driver,false,"### 6. बुकिंग मैनेजमेंट (Booking Management)"
1579,driver,false,"- बुकिंग का notification मिले - Booking notifications"
1580,driver,false,"- New booking alerts (real-time)"
1581,driver,true,"- Booking details view (pickup, drop, customer info, fare)"
1582,driver,false,"- बुकिंग के स्वीकार करने का ऑप्शन होना चाहिए - Accept booking option"
1583,driver,false,"- Reject booking option"
1584,driver,false,"- Auto-reject after 5 minutes"
1585,driver,false,"- Current active bookings list"
1586,driver,false,"- Booking history"
1587,driver,false,""
1588,driver,false,"### 7. पिकअप और ड्रॉप लोकेशन (Pickup & Drop Location)"
1589,driver,false,"- ड्राइवर को pickup location & drop location"
1590,driver,false,"- Google Maps navigation integration"
1591,driver,false,"- Customer contact (call/message option)"
1592,driver,false,"- ड्राइवर के पास pickup post पर जाने के बाद arrival - Arrival confirmation"
1593,driver,false,"- Start trip button"
1594,driver,false,"- End trip button"
1595,driver,false,"- Trip route tracking"
1596,driver,false,""
1597,driver,false,"### 8. कैंसलेशन और पेनल्टी (Cancellation & Penalty)"
1598,driver,false,"- बुकिंग cancelled नहीं होगी (Driver cannot cancel easily)"
1599,driver,false,"- High penalty for driver cancellation"
1600,driver,false,"- Valid cancellation reasons"
1601,driver,false,"- Cancellation impact on rating"
1602,driver,false,"- Multiple cancellation = temporary block"
1603,driver,false,""
1604,driver,false,"### 9. अर्निंग्स और पेमेंट (Earnings & Payment)"
1605,driver,false,"- खर्च डिटेल - Expense details"
1606,driver,false,"- Today's earnings"
1607,driver,false,"- Weekly earnings"
1608,driver,false,"- Monthly earnings"
1609,driver,false,"- Trip-wise earning breakdown"
1610,driver,false,"- Commission structure (80% driver, 20% platform)"
1611,driver,false,"- Pending payments (cash collected from customers)"
1612,driver,false,"- Withdrawal request option"
1613,driver,false,"- Bank transfer (3-5 business days)"
1614,driver,false,"- Payment history"
1615,driver,false,"- Earnings report (PDF/Excel download)"
1616,driver,false,""
1617,driver,false,"### 10. रेटिंग और फीडबैक (Rating & Feedback)"
1618,driver,false,"- Overall driver rating (1-5 stars)"
1619,driver,false,"- Customer reviews display"
1620,driver,false,"- Rating breakdown"
1621,driver,false,"- Performance metrics"
1622,driver,false,"- Tips received from customers"
1623,driver,false,"- Badges and rewards for good performance"
1624,driver,false,"- Driver of the Month leaderboard"
1625,driver,false,""
1626,driver,false,"### 11. वाहन मेंटेनेंस ट्रैकिंग (Vehicle Maintenance)"
1627,driver,false,"- Kilometer tracking (daily/total)"
1628,driver,false,"- Service alert at 10,000 KM"
1629,driver,false,"- Last service date"
1630,driver,false,"- Next service due date"
1631,driver,false,"- Maintenance log/history"
1632,driver,false,"- Expense tracking (fuel, repairs)"
1633,driver,false,"- टाइम और किलोमीटर का ऑप्शन - Time and kilometer option"
1634,driver,false,""
1635,driver,false,"### 12. डॉक्यूमेंट एक्सपायरी अलर्ट (Document Expiry Alerts)"
1636,driver,false,"- RC expiry alert (15 days before)"
1637,driver,false,"- Insurance expiry alert (15 days before)"
1638,driver,false,"- License renewal reminder"
1639,driver,false,"- Pollution certificate reminder"
1640,driver,false,"- Auto-block if documents expire"
1641,driver,false,"- Renewal notification"
1642,driver,false,""
1643,driver,false,"### 13. ड्राइवर सपोर्ट (Driver Support)"
1644,driver,false,"- Help center"
1645,driver,false,"- Report technical issues"
1646,driver,false,"- Emergency support (accident, breakdown)"
1647,driver,false,"- Legal support"
1648,driver,false,"- Training resources"
1649,driver,false,"- Community forum"
1650,driver,false,"- Chat with admin"
1651,driver,false,""
1652,driver,false,"### 14. अतिरिक्त फीचर्स (Additional Features)"
1653,driver,false,"- Driver availability status (online/offline)"
1654,driver,false,"- Driver dashboard with stats"
1655,driver,false,"- Earnings calculator"
1656,driver,false,"- Fuel expense tracker"
1657,driver,false,"- ड्राइवर के लिए किस कानूनी नियम व शर्ते जो लागू हो सके - Legal rules and terms for drivers"
1658,driver,false,"- Family Insurance Fund (health insurance for driver's family from trip earnings)"
1659,driver,false,"- Driver loyalty rewards program"
1660,driver,false,""
1661,driver,false,"---"
1662,driver,false,""
1663,admin,false,"## SECTION C: ADMIN PORTAL (एडमिन पोर्टल)"
1664,admin,false,""
1665,admin,false,"### 1. डैशबोर्ड (Main Dashboard)"
1666,admin,true,"- Real-time statistics (bookings, revenue, active drivers)"
1667,admin,false,"- Today's total bookings"
1668,admin,false,"- Today's revenue"
1669,admin,false,"- Active drivers count"
1670,admin,false,"- Active customers count"
1671,admin,false,"- Pending verifications"
1672,admin,false,"- Recent activities timeline"
1673,admin,false,"- Revenue charts (daily/weekly/monthly)"
1674,admin,false,"- Heat map (high demand areas in Rajasthan)"
1675,admin,false,"- Live map with all active taxis GPS location"
1676,admin,false,""
1677,admin,false,"### 2. बुकिंग मैनेजमेंट (Booking Management)"
1678,admin,false,"- All bookings list (pending/confirmed/completed/cancelled)"
1679,admin,true,"- Filter by date, customer, driver, status"
1680,admin,false,"- Search bookings"
1681,admin,false,"- View complete booking details"
1682,admin,false,"- Manual driver assignment (if AI fails)"
1683,admin,false,"- Fare adjustment option"
1684,admin,false,"- Cancel bookings"
1685,admin,false,"- Refund processing"
1686,admin,false,"- Booking reports (PDF/Excel)"
1687,admin,false,"- Export data"
1688,admin,false,""
1689,admin,false,"### 3. ड्राइवर मैनेजमेंट (Driver Management)"
1690,admin,false,"- All drivers list"
1691,admin,false,"- Filter: Active/Pending/Blocked drivers"
1692,admin,false,"- Driver profile view (complete details)"
1693,admin,false,"- Document verification center"
1694,admin,true,"- View/Download documents (DL, RC, Insurance, etc.)"
1695,admin,false,"- Approve/Reject new drivers"
1696,admin,false,"- Block/Unblock drivers"
1697,admin,false,"- Security deposit tracking (Rs. 5000 per driver total balance)"
1698,admin,false,"- 3-month verification period tracking"
1699,admin,false,"- Auto-unblock after 90 days"
1700,admin,false,"- Driver performance analytics"
1701,admin,false,"- Rating and reviews management"
1702,admin,false,"- Payout processing"
1703,admin,false,""
1704,admin,false,"### 4. कस्टमर मैनेजमेंट (Customer Management)"
1705,admin,false,"- All customers list"
1706,admin,false,"- Customer profile details"
1707,admin,false,"- Booking history per customer"
1708,admin,false,"- Wallet balance management"
1709,admin,false,"- Block/Unblock problematic users"
1710,admin,false,"- Refund management"
1711,admin,false,"- Customer complaints view"
1712,admin,false,"- Activity tracking"
1713,admin,false,""
1714,admin,false,"### 5. पेमेंट और फाइनेंस (Payment & Financial Management)"
1715,admin,false,"- All transactions list"
1716,admin,false,"- Revenue analytics (real-time data)"
1717,admin,false,"- Daily/Weekly/Monthly revenue breakdown"
1718,admin,false,"- Payment gateway status"
1719,admin,false,"- Pending settlements with drivers"
1720,admin,false,"- Refund queue processing"
1721,admin,false,"- Commission tracking (20% platform fee)"
1722,admin,true,"- **Affiliate Commission (होटल, रेस्टोरेंट और हैंडीक्राफ्ट शॉप्स से आने वाले कमीशन)**"
1723,admin,false,"- Hotel booking commission tracking"
1724,admin,false,"- Restaurant referral commission"
1725,admin,false,"- Shop referral earnings"
1726,admin,false,"- Commission split (admin and driver share)"
1727,admin,false,"- **Donation Report (दान के लिए इकट्ठा हुए पैसों का अलग हिसाब)**"
1728,admin,false,"- Donation wallet separate tracking"
1729,admin,false,"- Donation usage reports"
1730,admin,false,"- Emergency fund management"
1731,admin,false,"- **Cancellation Earnings (ग्राहकों से कटे हुए कैंसलेशन चार्ज)**"
1732,admin,false,"- Cancellation charges collected from customers"
1733,admin,false,"- Driver penalties collected"
1734,admin,false,"- GST/Tax reports (auto-calculation for every trip)"
1735,admin,false,"- Profit/Loss statements"
1736,admin,false,"- Financial reports export"
1737,admin,false,""
1738,admin,false,"### 6. AI और ऑटो-कंट्रोल (AI & Auto-Control Features)"
1739,admin,false,"- **AI Auto-Dispatch System**"
1740,admin,true,"  - Automatic driver assignment based on distance, rating, vehicle availability"
1741,admin,false,"  - Success rate tracking"
1742,admin,false,"  - Fallback logic configuration"
1743,admin,false,"  "
1744,admin,false,"- **Demand Prediction (डिमांड प्रेडिक्शन)**"
1745,admin,false,"  - City-wise demand forecast"
1746,admin,false,"  - Historical data analysis"
1747,admin,false,"  - Festival season prediction"
1748,admin,false,"  - 7-day advance forecast"
1749,admin,false,"  - Peak hours identification"
1750,admin,false,"  "
1751,admin,false,"- **Smart Fare Control (स्मार्ट फेयर कंट्रोल)**"
1752,admin,false,"  - Dynamic pricing based on demand"
1753,admin,false,"  - Auto-increase fare during high demand"
1754,admin,false,"  - Auto-decrease fare during low demand"
1755,admin,false,"  - Peak hours surge pricing configuration"
1756,admin,false,"  - Competitor pricing tracking"
1757,admin,false,"  "
1758,admin,false,"- **Driver Health Monitoring (ड्राइवर हेल्थ मॉनिटरिंग)**"
1759,admin,false,"  - Continuous driving time tracking"
1760,admin,false,"  - Fatigue detection (4+ hours continuous driving alert)"
1761,admin,false,"  - Over-speeding reports"
1762,admin,false,"  - Night driving limits"
1763,admin,false,"  - Mandatory break enforcement"
1764,admin,false,"  - Performance degradation alerts"
1765,admin,false,"  "
1766,admin,false,"- **Auto-Block System (ऑटो-ब्लॉक सिस्टम)**"
1767,admin,false,"  - 3-month verification rule tracking"
1768,admin,false,"  - Auto-block drivers with expired documents"
1769,admin,false,"  - Auto-block low-rated drivers (below 3 stars)"
1770,admin,false,"  - Complaint-based auto-investigation"
1771,admin,false,"  - Auto-unblock after document renewal"
1772,admin,false,"  - Admin override option"
1773,admin,false,""
1774,admin,false,"### 7. फ्रॉड डिटेक्शन (Fraud Detection & Prevention)"
1775,admin,false,"- **Wallet Fraud Alert (वॉलेट फ्रॉड अलर्ट)**"
1776,admin,false,"  - Suspicious transaction detection"
1777,admin,false,"  - Auto wallet freeze on fraud suspicion"
1778,admin,false,"  - Pattern recognition for unusual activities"
1779,admin,false,"  - Multiple account detection"
1780,admin,false,"  - Fake booking detection"
1781,admin,false,"  - AI-based document verification"
1782,admin,false,"  - Admin alerts for suspicious activities"
1783,admin,false,""
1784,admin,false,"### 8. सेफ्टी और मॉनिटरिंग (Safety & Live Monitoring)"
1785,admin,false,"- **Live Map (लाइव मैप)**"
1786,admin,false,"  - All active taxis real-time GPS location on single screen"
1787,admin,false,"  - Route tracking"
1788,admin,false,"  - Speed monitoring"
1789,admin,false,"  "
1790,admin,false,"- **Emergency SOS System (इमरजेंसी अलर्ट)**"
1791,admin,false,"  - Instant alert when customer/driver presses SOS"
1792,admin,false,"  - Siren notification to admin"
1793,admin,false,"  - GPS location of emergency"
1794,admin,false,"  - Quick action panel"
1795,admin,false,"  - Police coordination system"
1796,admin,false,"  "
1797,admin,false,"- **Heat Map (हीट मैप)**"
1798,admin,false,"  - District-wise pending bookings visualization"
1799,admin,false,"  - High-demand area identification"
1800,admin,false,"  - Resource allocation suggestions"
1801,admin,false,"  "
1802,admin,false,"- **Virtual Escort (वर्चुअल एस्कॉर्ट)**"
1803,admin,false,"  - Special monitoring for solo female travelers"
1804,admin,false,"  - International tourist trip tracking"
1805,admin,false,"  - Step-by-step trip monitoring"
1806,admin,false,"  - Route deviation alerts"
1807,admin,false,"  - Incident reporting"
1808,admin,false,"  - Insurance claim processing"
1809,admin,false,""
1810,admin,false,"### 9. कंटेंट मैनेजमेंट (Content Management System)"
1811,admin,false,"- **Tourist Places Management**"
1812,admin,false,"  - Add/Edit/Delete Rajasthan tourist places"
1813,admin,false,"  - Upload historical information"
1814,admin,false,"  - Update timings, entry fees"
1815,admin,false,"  - Photo gallery management"
1816,admin,false,"  - Temple aarti timings update"
1817,admin,false,"  - Best time to visit information"
1818,admin,false,"  "
1819,admin,false,"- **Partner Management (पार्टनर और वेंडर मैनेजमेंट)**"
1820,admin,false,"  - Hotel database management"
1821,admin,false,"  - Hotel/Shop rating tracking (ग्राहकों ने किस होटल को सबसे ज्यादा पसंद किया)"
1822,admin,false,"  - Restaurant recommendations list"
1823,admin,false,"  - Shopping guide (handicraft shops)"
1824,admin,false,"  - Vendor agreement tracking"
1825,admin,false,"  - Agreement expiry alerts"
1826,admin,false,"  - Commission rate management"
1827,admin,false,"  - Partner performance analytics"
1828,admin,false,"  "
1829,admin,false,"- **Suggestions Engine (सुझाव इंजन)**"
1830,admin,false,"  - Edit best hotels list shown to customers"
1831,admin,false,"  - Edit best shops list"
1832,admin,false,"  - Recommendation algorithm tuning"
1833,admin,false,"  - Featured partners management"
1834,admin,false,""
1835,admin,false,"### 10. प्रोमो कोड मैनेजमेंट (Promo Code Management)"
1836,admin,false,"- Create new promo codes"
1837,admin,false,"- Set discount (percentage or flat)"
1838,admin,false,"- Validity period setting"
1839,admin,false,"- Usage limit configuration"
1840,admin,false,"- Per-user limit"
1841,admin,false,"- Target specific users or all"
1842,admin,false,"- Seasonal offers creation"
1843,admin,false,"- Referral program settings"
1844,admin,false,"- Usage analytics"
1845,admin,false,"- Active/Inactive toggle"
1846,admin,false,""
1847,admin,false,"### 11. वाहन और किराया सेटिंग्स (Vehicle & Fare Settings)"
1848,admin,false,"- Vehicle types management"
1849,admin,false,"- Base fare per vehicle type"
1850,admin,false,"- Per KM rate setting"
1851,admin,false,"- Minimum fare configuration"
1852,admin,false,"- GST rate setting"
1853,admin,false,"- Peak hours pricing"
1854,admin,false,"- Route-based package pricing"
1855,admin,false,"- Surge pricing rules"
1856,admin,false,"- Fare calculator configuration"
1857,admin,false,""
1858,admin,false,"### 12. रिपोर्ट्स और एनालिटिक्स (Reports & Analytics)"
1859,admin,false,"- Daily/Weekly/Monthly reports"
1860,admin,false,"- Revenue reports"
1861,admin,false,"- Booking trends analysis"
1862,admin,false,"- Driver performance reports"
1863,admin,false,"- Customer analytics"
1864,admin,false,"- Most popular routes"
1865,admin,false,"- Peak hours analysis"
1866,admin,false,"- Conversion rate tracking"
1867,admin,false,"- Export to PDF/Excel"
1868,admin,false,""
1869,admin,false,"### 13. सपोर्ट टिकट मैनेजमेंट (Support & Ticket Management)"
1870,admin,false,"- All support tickets (customers + drivers)"
1871,admin,false,"- Ticket priority (High/Medium/Low)"
1872,admin,false,"- Assign to team members"
1873,admin,false,"- Status tracking (Open/In-Progress/Resolved)"
1874,admin,false,"- Response time monitoring"
1875,admin,false,"- Live chat system"
1876,admin,false,"- Email response integration"
1877,admin,false,"- FAQ management"
1878,admin,false,""
1879,admin,false,"### 14. सेटिंग्स और कॉन्फ़िगरेशन (Settings & Configuration)"
1880,admin,false,"- Admin user management"
1881,admin,false,"- Role-based access control"
1882,admin,false,"- Payment gateway settings"
1883,admin,false,"- SMS/Email notification templates"
1884,admin,false,"- Platform commission percentage"
1885,admin,false,"- Cancellation policy settings"
1886,admin,false,"- Refund rules configuration"
1887,admin,false,"- System logs viewing"
1888,admin,false,"- Backup and restore"
1889,admin,false,""
1890,admin,false,"### 15. AI मार्केटिंग ऑटोमेशन (AI Marketing Automation)"
1891,admin,false,"- **Predictive Booking (पूर्वानुमान बुकिंग)**"
1892,admin,false,"  - Historical pattern analysis"
1893,admin,false,"  - Last year same date comparison"
1894,admin,false,"  - Festival season predictions"
1895,admin,true,"  - Fleet requirement forecasting (e.g., ""50 और गाड़ियों की जरूरत पड़ेगी"")"
1896,admin,false,"  "
1897,admin,false,"- **Auto-Offer System (ऑटो-ऑफर सिस्टम)**"
1898,admin,false,"  - Idle vehicle detection (2 hours empty)"
1899,admin,false,"  - Auto-send 10% discount to nearby customers"
1900,admin,false,"  - Smart notification targeting"
1901,admin,false,"  "
1902,admin,false,"- **Re-engagement Campaigns**"
1903,admin,false,"  - Inactive user identification"
1904,admin,false,"  - Personalized offer generation"
1905,admin,false,"  - Automated email/SMS campaigns"
1906,admin,false,""
1907,admin,false,"### 16. स्मार्ट रूट ऑप्टिमाइजेशन (Smart Route Optimization)"
1908,admin,false,"- **Multi-Point Routing**"
1909,admin,false,"  - Same direction booking clubbing"
1910,admin,false,"  - Carpool suggestion (2 bookings in 1 big vehicle)"
1911,admin,false,"  - Fuel saving calculation"
1912,admin,false,"  - Profit increase projection"
1913,admin,false,"  "
1914,admin,false,"- **Return Trip Logic**"
1915,admin,false,"  - Identify empty return trips"
1916,admin,false,"  - Auto-suggest return bookings"
1917,admin,false,"  - Route optimization for return journey"
1918,admin,false,"  - Driver positioning strategy"
1919,admin,false,""
1920,admin,false,"### 17. इन्वेंटरी और एसेट मैनेजमेंट (Inventory & Asset Management)"
1921,admin,false,"- All vehicles tracking"
1922,admin,false,"- Kilometer-wise service alerts"
1923,admin,false,"- Service history per vehicle"
1924,admin,false,"- Maintenance schedule management"
1925,admin,false,"- Tire change reminders"
1926,admin,false,"- Document expiry tracking (bulk view)"
1927,admin,false,"- Vehicle status (Active/Under Maintenance/Blocked)"
1928,admin,false,"- Fleet performance analytics"
1929,admin,false,""
1930,admin,false,"### 18. इंटरनेशनल फीचर्स (International Features)"
1931,admin,false,"- **Language Bridge**"
1932,admin,false,"  - Real-time translation system (Hindi ↔ English ↔ German ↔ French ↔ Spanish)"
1933,admin,false,"  - Live chat translation"
1934,admin,false,"  - Voice translation support"
1935,admin,false,"  "
1936,admin,false,"- **Cultural Guide AI**"
1937,admin,false,"  - Location-triggered audio history (automatic play near forts/temples)"
1938,admin,false,"  - Multi-language audio content"
1939,admin,false,"  - Historical facts and stories"
1940,admin,false,"  - Photo spot suggestions"
1941,admin,false,"  - Cultural etiquette information"
1942,admin,false,""
1943,admin,false,"### 19. ड्राइवर रिटेंशन (Driver Loyalty & Retention)"
1944,admin,false,"- **Driver Leaderboard**"
1945,admin,false,"  - Top drivers by rating"
1946,admin,false,"  - Top drivers by trips"
1947,admin,false,"  - ""Driver of the Month"" badge"
1948,admin,false,"  - Automatic bonus allocation"
1949,admin,false,"  - Public recognition"
1950,admin,false,"  "
1951,admin,false,"- **Family Insurance Fund**"
1952,admin,false,"  - Auto-deduct small amount from each trip"
1953,admin,false,"  - Health insurance for driver families"
1954,admin,false,"  - Fund balance tracking"
1955,admin,false,"  - Claim processing"
1956,admin,false,""
1957,admin,false,"### 20. कंप्लायंस और लीगल (Compliance & Legal)"
1958,admin,false,"- Tax calculation and reports"
1959,admin,false,"- GST filing reports"
1960,admin,false,"- Government compliance tracking"
1961,admin,false,"- Driver verification records"
1962,admin,false,"- Insurance tracking"
1963,admin,false,"- Legal document repository"
1964,admin,false,"- Emergency fund management (separate from donation)"
1965,admin,false,"- Accident support fund"
1966,admin,false,""
1967,admin,false,"---"
1968,admin,false,""
1969,additional,false,"## SECTION D: अतिरिक्त फीचर्स (ADDITIONAL FEATURES)"
1970,additional,false,""
1971,additional,false,"### 1. वेबसाइट कंटेंट (Website Content Sections)"
1972,additional,false,"- Why come back again section"
1973,additional,false,"- Why trust us section"
1974,additional,false,"- Real trip photos gallery (असली अमीरता)"
1975,additional,false,"- Trip before preview (unique feature)"
1976,additional,false,"- Emotional connect storytelling"
1977,additional,false,"- Conversion-optimized design"
1978,additional,false,"- Social proof (testimonials)"
1979,additional,false,"- ""Experience, not Ride"" section"
1980,additional,false,"- Payment & money trust indicators"
1981,additional,false,"- International customer का सबसे बड़ा डर: 'SAFE है बस पेज ही फोटो है' (Safety assurance)"
1982,additional,false,""
1983,additional,false,"### 2. कम्युनिकेशन (Communication Features)"
1984,additional,true,"- Language support (Hindi, English, Rajasthani, German, French, Spanish)"
1985,additional,false,"- Multi-language customer support"
1986,additional,false,"- SMS notifications"
1987,additional,false,"- Email notifications"
1988,additional,false,"- Push notifications"
1989,additional,false,"- WhatsApp integration"
1990,additional,false,"- In-app chat system"
1991,additional,false,""
1992,additional,false,"### 3. एनालिटिक्स और ट्रैकिंग (Analytics & Tracking)"
1993,additional,false,"- Google Analytics integration"
1994,additional,false,"- Firebase Analytics"
1995,additional,false,"- User behavior tracking"
1996,additional,false,"- Conversion funnel analysis"
1997,additional,false,"- A/B testing capability"
1998,additional,false,"- Heat map tracking"
1999,additional,false,"- Session recording (optional)"
2000,additional,false,""
2001,additional,false,"### 4. सिक्योरिटी (Security Features)"
2002,additional,false,"- SSL certificate (HTTPS)"
2003,additional,false,"- Data encryption"
2004,additional,false,"- Secure payment gateway"
2005,additional,false,"- Two-factor authentication (optional)"
2006,additional,false,"- Role-based access control"
2007,additional,false,"- Activity logging"
2008,additional,false,"- Backup and disaster recovery"
2009,additional,false,"- GDPR compliance (for international users)"
2010,additional,false,"- Privacy policy"
2011,additional,false,"- Terms and conditions"
2012,additional,false,""
2013,additional,false,"### 5. परफॉर्मेंस (Performance Optimization)"
2014,additional,false,"- Fast loading speed"
2015,additional,false,"- Mobile responsive design"
2016,additional,false,"- Progressive Web App (PWA)"
2017,additional,false,"- Offline support (limited)"
2018,additional,false,"- Image optimization"
2019,additional,false,"- Code minification"
2020,additional,false,"- CDN integration"
2021,additional,false,"- Caching strategy"
2022,additional,false,""
2023,additional,false,"---"
2024,additional,false,""
2025,additional,false,""
2026,additional,false,"**********************************************************************************************************"
2027,additional,false,""
2028,additional,false,""
2029,driver,false,"Driver portel"
2030,driver,false,"Bahut kam commission or upar dikhaya jaye  ki dusari company se nam matra commission kata jayega"
2031,driver,false," Vehicle detials full verify"
2032,driver,false,"Driver details full verified "
2033,driver,false,"Language all lang option "
2034,driver,false,"Driver photo add option "
2035,driver,false,""
2036,driver,false,""
2037,driver,false,""
2038,customer,false,"Customer portal "
2039,customer,false,"Fare eastimate real calculate "
2040,customer,false,"Timeming ke anusar auto bill ganaret ho"
2041,customer,false,"Km ke anusar bill automatic generating ho"
2042,customer,true,"Ride type me sabhi gadiya k naam jese sedan , suv,innova,cresta,other sabhi ke name"
2043,customer,false,"One way or out station day rental or airport pickup or round trip city local trip or side seen "
2044,customer,false,"Career option sabhi no wala bhi add kena "
2045,customer,false,"fuel option"
2046,customer,false,"Pickup location to drop location auto generate kilomiter hona chahiye "
2047,customer,false,"Customer emergency option police or ambulance dono option hone chahiye "
2048,customer,false,"Customer k liya toll parking night charge extra customer ko phela hi dekhna chahiye "
2049,customer,false,"Cancellation refund ka option "
2050,customer,false,"Advance payment option "
2051,customer,false,"Or cash ka bhi option "
2052,customer,false,"80km speed ka rules dikhna chahiye "
2053,customer,false,"Costumer ke liye booking payment offer karne ka option jisase customer saggese kar sake ki me ye payment kar sakta hu"
2054,customer,false,""
2055,admin,false,"Admin portal "
2056,admin,false,"In tino portal ko aapas me connect karna hai jisase jisme keval costumer jab booking dale tab admin or driver dono ke paas notification mile "
2057,admin,false,"Time time se alrt milana chahiye sabhi ficher ke"
2058,admin,false,"Costumer or driver v sabhi ka control admin ke paas ho "
2059,admin,false,"Or isme jitana ho sake utne sabhi ai system dalne hai"
2060,admin,false,"Sabhi portal me adhik se adhik ai system dalne hai"
2061,admin,false,"Or puri website automatic banani hai"
2062,admin,false,"Or hamari website ko international brand ke rup me banani hai us hisab se adhik se adhik ficher dalne hai jo other contry ke parpase se fichar jodna hai"
2063,admin,false,""
2064,admin,false,""
2065,admin,false,"***********************************"
2066,admin,false,""
2067,admin,false,""
2068,admin,false,"meri website ka desh board ko or name ko india ke tirange  ke color me banao or ise is tarah se banao ki log adhik se adhik aakrshit ho"
2069,admin,false,""
2070,admin,false,""
